param_hidden_layer_sizes,param_activation,param_batch_size,param_max_iter,mean_test_score,rank_test_score,mean_train_score
"(1,)",identity,50,200,-0.819616894663737,303,-0.8062953948003273
"(1,)",identity,50,400,-0.819824519359695,308,-0.8060375724426171
"(1,)",identity,50,800,-0.819824519359695,308,-0.8060375724426171
"(3,)",identity,50,200,-0.8159497973875668,208,-0.8031593462659108
"(3,)",identity,50,400,-0.8159497973875668,208,-0.8031593462659108
"(3,)",identity,50,800,-0.8159497973875668,208,-0.8031593462659108
"(5,)",identity,50,200,-0.816388100066268,221,-0.8030395375350027
"(5,)",identity,50,400,-0.816388100066268,221,-0.8030395375350027
"(5,)",identity,50,800,-0.816388100066268,221,-0.8030395375350027
"(7,)",identity,50,200,-0.8180344305216354,264,-0.8033245702863108
"(7,)",identity,50,400,-0.8180344305216354,264,-0.8033245702863108
"(7,)",identity,50,800,-0.8180344305216354,264,-0.8033245702863108
"(9,)",identity,50,200,-0.8180410640701232,267,-0.8030978149745511
"(9,)",identity,50,400,-0.8180410640701232,267,-0.8030978149745511
"(9,)",identity,50,800,-0.8180410640701232,267,-0.8030978149745511
"(11,)",identity,50,200,-0.8197070966909046,304,-0.8031961194718509
"(11,)",identity,50,400,-0.8197070966909046,304,-0.8031961194718509
"(11,)",identity,50,800,-0.8197070966909046,304,-0.8031961194718509
"(13,)",identity,50,200,-0.8183879496154864,285,-0.8030759365599008
"(13,)",identity,50,400,-0.8183879496154864,285,-0.8030759365599008
"(13,)",identity,50,800,-0.8183879496154864,285,-0.8030759365599008
"(15,)",identity,50,200,-0.8181419461989314,271,-0.8031874807012163
"(15,)",identity,50,400,-0.8181419461989314,271,-0.8031874807012163
"(15,)",identity,50,800,-0.8181419461989314,271,-0.8031874807012163
"(17,)",identity,50,200,-0.8196016140827693,300,-0.8032406899316648
"(17,)",identity,50,400,-0.8196016140827693,300,-0.8032406899316648
"(17,)",identity,50,800,-0.8196016140827693,300,-0.8032406899316648
"(19,)",identity,50,200,-0.8173761349136368,249,-0.8031213780041192
"(19,)",identity,50,400,-0.8173761349136368,249,-0.8031213780041192
"(19,)",identity,50,800,-0.8173761349136368,249,-0.8031213780041192
"(21,)",identity,50,200,-0.8171712232985222,240,-0.8035118131410179
"(21,)",identity,50,400,-0.8171712232985222,240,-0.8035118131410179
"(21,)",identity,50,800,-0.8171712232985222,240,-0.8035118131410179
"(1,)",identity,100,200,-0.8254515553990535,365,-0.814169906994425
"(1,)",identity,100,400,-0.8230437369813028,350,-0.8099349320097812
"(1,)",identity,100,800,-0.8230437369813028,350,-0.8099349320097812
"(3,)",identity,100,200,-0.8165382971037918,227,-0.8037542270020109
"(3,)",identity,100,400,-0.8165382971037918,227,-0.8037542270020109
"(3,)",identity,100,800,-0.8165382971037918,227,-0.8037542270020109
"(5,)",identity,100,200,-0.8158627746161654,204,-0.8032882800712942
"(5,)",identity,100,400,-0.8158627746161654,204,-0.8032882800712942
"(5,)",identity,100,800,-0.8158627746161654,204,-0.8032882800712942
"(7,)",identity,100,200,-0.8202219064319772,316,-0.8036193686358055
"(7,)",identity,100,400,-0.8202219064319772,316,-0.8036193686358055
"(7,)",identity,100,800,-0.8202219064319772,316,-0.8036193686358055
"(9,)",identity,100,200,-0.8170611412943712,235,-0.8031961730912529
"(9,)",identity,100,400,-0.8170611412943712,235,-0.8031961730912529
"(9,)",identity,100,800,-0.8170611412943712,235,-0.8031961730912529
"(11,)",identity,100,200,-0.8183681919515673,279,-0.8034810287951434
"(11,)",identity,100,400,-0.8183681919515673,279,-0.8034810287951434
"(11,)",identity,100,800,-0.8183681919515673,279,-0.8034810287951434
"(13,)",identity,100,200,-0.818368638096733,282,-0.8033863069418107
"(13,)",identity,100,400,-0.818368638096733,282,-0.8033863069418107
"(13,)",identity,100,800,-0.818368638096733,282,-0.8033863069418107
"(15,)",identity,100,200,-0.8204696963003855,319,-0.8036524472099931
"(15,)",identity,100,400,-0.8204696963003855,319,-0.8036524472099931
"(15,)",identity,100,800,-0.8204696963003855,319,-0.8036524472099931
"(17,)",identity,100,200,-0.8205347771276289,323,-0.8034721898571764
"(17,)",identity,100,400,-0.8205347771276289,323,-0.8034721898571764
"(17,)",identity,100,800,-0.8205347771276289,323,-0.8034721898571764
"(19,)",identity,100,200,-0.8173215507780206,246,-0.8033759919516023
"(19,)",identity,100,400,-0.8173215507780206,246,-0.8033759919516023
"(19,)",identity,100,800,-0.8173215507780206,246,-0.8033759919516023
"(21,)",identity,100,200,-0.8160382466499415,213,-0.8032708859980445
"(21,)",identity,100,400,-0.8160382466499415,213,-0.8032708859980445
"(21,)",identity,100,800,-0.8160382466499415,213,-0.8032708859980445
"(1,)",identity,200,200,-0.8490293341392372,391,-0.8403231805017203
"(1,)",identity,200,400,-0.8286552633050617,375,-0.8173302226431958
"(1,)",identity,200,800,-0.8286552633050617,375,-0.8173302226431958
"(3,)",identity,200,200,-0.8177483497342092,259,-0.8048709672343387
"(3,)",identity,200,400,-0.8184477203669251,288,-0.8049208018500627
"(3,)",identity,200,800,-0.8184477203669251,288,-0.8049208018500627
"(5,)",identity,200,200,-0.8168767263462954,232,-0.803852450502817
"(5,)",identity,200,400,-0.8168767263462954,232,-0.803852450502817
"(5,)",identity,200,800,-0.8168767263462954,232,-0.803852450502817
"(7,)",identity,200,200,-0.8199169112109208,310,-0.8050046471604345
"(7,)",identity,200,400,-0.8199169112109208,310,-0.8050046471604345
"(7,)",identity,200,800,-0.8199169112109208,310,-0.8050046471604345
"(9,)",identity,200,200,-0.816303937318138,218,-0.8036046984835629
"(9,)",identity,200,400,-0.816303937318138,218,-0.8036046984835629
"(9,)",identity,200,800,-0.816303937318138,218,-0.8036046984835629
"(11,)",identity,200,200,-0.8185280443064944,291,-0.8041840037113495
"(11,)",identity,200,400,-0.8185280443064944,291,-0.8041840037113495
"(11,)",identity,200,800,-0.8185280443064944,291,-0.8041840037113495
"(13,)",identity,200,200,-0.8201153124093497,313,-0.8043023361768725
"(13,)",identity,200,400,-0.8201153124093497,313,-0.8043023361768725
"(13,)",identity,200,800,-0.8201153124093497,313,-0.8043023361768725
"(15,)",identity,200,200,-0.8207298361509505,330,-0.8042988940331048
"(15,)",identity,200,400,-0.8207298361509505,330,-0.8042988940331048
"(15,)",identity,200,800,-0.8207298361509505,330,-0.8042988940331048
"(17,)",identity,200,200,-0.8206083173266304,327,-0.804577913857934
"(17,)",identity,200,400,-0.8206083173266304,327,-0.804577913857934
"(17,)",identity,200,800,-0.8206083173266304,327,-0.804577913857934
"(19,)",identity,200,200,-0.8177391060853865,256,-0.8034384372629747
"(19,)",identity,200,400,-0.8177391060853865,256,-0.8034384372629747
"(19,)",identity,200,800,-0.8177391060853865,256,-0.8034384372629747
"(21,)",identity,200,200,-0.8182814575049268,274,-0.8041478652694345
"(21,)",identity,200,400,-0.8182814575049268,274,-0.8041478652694345
"(21,)",identity,200,800,-0.8182814575049268,274,-0.8041478652694345
"(1,)",logistic,50,200,-0.8210661145257234,334,-0.8043325324888562
"(1,)",logistic,50,400,-0.8210661145257234,334,-0.8043325324888562
"(1,)",logistic,50,800,-0.8210661145257234,334,-0.8043325324888562
"(3,)",logistic,50,200,-0.8108214418800358,147,-0.7951411122590648
"(3,)",logistic,50,400,-0.8108110817759929,145,-0.7950779875446006
"(3,)",logistic,50,800,-0.8108110817759929,145,-0.7950779875446006
"(5,)",logistic,50,200,-0.799207704610075,68,-0.7798934860211818
"(5,)",logistic,50,400,-0.7876577074174872,18,-0.7586467007733433
"(5,)",logistic,50,800,-0.787444566559648,15,-0.7549892663358427
"(7,)",logistic,50,200,-0.8048525239621203,93,-0.7847979170171209
"(7,)",logistic,50,400,-0.7966093998689917,57,-0.760859886712719
"(7,)",logistic,50,800,-0.7961533663337563,55,-0.7486309045774554
"(9,)",logistic,50,200,-0.8004908571384141,74,-0.7794515933112808
"(9,)",logistic,50,400,-0.7861158770262378,10,-0.7515204182638053
"(9,)",logistic,50,800,-0.7896900994567015,25,-0.7359441038881018
"(11,)",logistic,50,200,-0.7945424927007805,49,-0.7698263729711403
"(11,)",logistic,50,400,-0.7847649561974285,6,-0.7434927043129717
"(11,)",logistic,50,800,-0.7838402623176967,4,-0.7097468968316403
"(13,)",logistic,50,200,-0.7943740316791922,47,-0.7718140277288805
"(13,)",logistic,50,400,-0.7814536111793673,2,-0.7409848993611305
"(13,)",logistic,50,800,-0.7793638536322796,1,-0.7031936585797243
"(15,)",logistic,50,200,-0.7978001274597103,62,-0.7738368277908643
"(15,)",logistic,50,400,-0.7867692351031916,13,-0.7441273296758351
"(15,)",logistic,50,800,-0.7874784321104353,16,-0.7078482430769961
"(17,)",logistic,50,200,-0.7962726995213385,56,-0.7736058335054004
"(17,)",logistic,50,400,-0.7866825362344064,11,-0.7413648943017213
"(17,)",logistic,50,800,-0.7994697217364386,71,-0.6968565205719465
"(19,)",logistic,50,200,-0.7948284436732694,50,-0.7681834656506332
"(19,)",logistic,50,400,-0.7867587296244747,12,-0.7329905499501341
"(19,)",logistic,50,800,-0.7938530447096015,45,-0.6918347917741702
"(21,)",logistic,50,200,-0.7909415712952506,31,-0.7628556261892024
"(21,)",logistic,50,400,-0.7857179967324445,7,-0.7327443448064286
"(21,)",logistic,50,800,-0.7976553349033956,59,-0.6946377280365337
"(1,)",logistic,100,200,-0.8242362299620307,359,-0.8096602256024971
"(1,)",logistic,100,400,-0.8235171531129278,353,-0.8081657947607702
"(1,)",logistic,100,800,-0.8235171531129278,353,-0.8081657947607702
"(3,)",logistic,100,200,-0.8126410649500047,181,-0.7983413982541852
"(3,)",logistic,100,400,-0.8125864376195162,179,-0.7982740400192021
"(3,)",logistic,100,800,-0.8125864376195162,179,-0.7982740400192021
"(5,)",logistic,100,200,-0.8099287895008509,133,-0.7931350818339125
"(5,)",logistic,100,400,-0.8007475465138739,77,-0.7760638243295264
"(5,)",logistic,100,800,-0.7980907216077442,64,-0.7683465098962202
"(7,)",logistic,100,200,-0.8082924304362219,114,-0.7933686824853333
"(7,)",logistic,100,400,-0.8083628035818018,117,-0.7932773719534933
"(7,)",logistic,100,800,-0.8083628035818018,117,-0.7932773719534933
"(9,)",logistic,100,200,-0.8083197862995437,116,-0.7918736009685144
"(9,)",logistic,100,400,-0.8028651654362602,83,-0.7775982566646055
"(9,)",logistic,100,800,-0.802211870869441,81,-0.7644292950593724
"(11,)",logistic,100,200,-0.8015208193016475,79,-0.7826482766689771
"(11,)",logistic,100,400,-0.7908863007632722,29,-0.7603617527420475
"(11,)",logistic,100,800,-0.7840772269852866,5,-0.7370636857551383
"(13,)",logistic,100,200,-0.8040785753025981,86,-0.7866100622151907
"(13,)",logistic,100,400,-0.7876489111569863,17,-0.7607528752618223
"(13,)",logistic,100,800,-0.7824201585455983,3,-0.7302912014511003
"(15,)",logistic,100,200,-0.8057300523348992,100,-0.7866815502262946
"(15,)",logistic,100,400,-0.79329892504328,40,-0.7640294257619639
"(15,)",logistic,100,800,-0.7884427597233341,21,-0.7319602063126961
"(17,)",logistic,100,200,-0.8051118319885988,95,-0.7888765521271499
"(17,)",logistic,100,400,-0.7917514025427865,37,-0.7626109416822704
"(17,)",logistic,100,800,-0.7877500535478642,19,-0.7327867074690564
"(19,)",logistic,100,200,-0.8041686899517604,88,-0.7851685304175022
"(19,)",logistic,100,400,-0.790225998378963,27,-0.7554906432431924
"(19,)",logistic,100,800,-0.7859764397645477,9,-0.7193224903096074
"(21,)",logistic,100,200,-0.8006146678693826,75,-0.7801841456611746
"(21,)",logistic,100,400,-0.7873159132533563,14,-0.749923602873304
"(21,)",logistic,100,800,-0.7858495098163146,8,-0.725094768368951
"(1,)",logistic,200,200,-0.843682472423158,389,-0.8345676032063475
"(1,)",logistic,200,400,-0.8257829847174041,366,-0.8127953672311156
"(1,)",logistic,200,800,-0.8257829847174041,366,-0.8127953672311156
"(3,)",logistic,200,200,-0.8161229044021956,217,-0.8039141047160708
"(3,)",logistic,200,400,-0.8159548021646807,211,-0.8033880123431469
"(3,)",logistic,200,800,-0.8159548021646807,211,-0.8033880123431469
"(5,)",logistic,200,200,-0.8160419863997594,216,-0.802338222412553
"(5,)",logistic,200,400,-0.815118569325578,199,-0.8017307048638023
"(5,)",logistic,200,800,-0.815118569325578,199,-0.8017307048638023
"(7,)",logistic,200,200,-0.812832396617573,183,-0.800265027505246
"(7,)",logistic,200,400,-0.8129142749664394,186,-0.8000302654363475
"(7,)",logistic,200,800,-0.8129142749664394,186,-0.8000302654363475
"(9,)",logistic,200,200,-0.8115984737300428,160,-0.7984690663046783
"(9,)",logistic,200,400,-0.8115984737300428,160,-0.7984690663046783
"(9,)",logistic,200,800,-0.8115984737300428,160,-0.7984690663046783
"(11,)",logistic,200,200,-0.8084631971662569,120,-0.7940307518207914
"(11,)",logistic,200,400,-0.8067404796432338,104,-0.7869712704869338
"(11,)",logistic,200,800,-0.8083072435401828,115,-0.7841003706514886
"(13,)",logistic,200,200,-0.8125554784782192,177,-0.7976452537480647
"(13,)",logistic,200,400,-0.8121669683797388,169,-0.7925768136575908
"(13,)",logistic,200,800,-0.8125815915903833,178,-0.7843424235262736
"(15,)",logistic,200,200,-0.811283894286159,152,-0.797570838483925
"(15,)",logistic,200,400,-0.8106879149301083,141,-0.7970823770394706
"(15,)",logistic,200,800,-0.8106879149301083,141,-0.7970823770394706
"(17,)",logistic,200,200,-0.8114313494730275,154,-0.7992391327354502
"(17,)",logistic,200,400,-0.8114313494730275,154,-0.7992391327354502
"(17,)",logistic,200,800,-0.8114313494730275,154,-0.7992391327354502
"(19,)",logistic,200,200,-0.8107228253161031,143,-0.7972481617943386
"(19,)",logistic,200,400,-0.8104398761173754,138,-0.7968385988290441
"(19,)",logistic,200,800,-0.8104398761173754,138,-0.7968385988290441
"(21,)",logistic,200,200,-0.8086501654471661,122,-0.7941477712513438
"(21,)",logistic,200,400,-0.807815541824269,112,-0.785738675517055
"(21,)",logistic,200,800,-0.8044184900575327,89,-0.7765517490505118
"(1,)",tanh,50,200,-0.8214030382246763,337,-0.8027162388637119
"(1,)",tanh,50,400,-0.8195102642936527,297,-0.8000782941700109
"(1,)",tanh,50,800,-0.8195102642936527,297,-0.8000782941700109
"(3,)",tanh,50,200,-0.8187399062349616,294,-0.773716712862634
"(3,)",tanh,50,400,-0.817860811541278,262,-0.7641664321123826
"(3,)",tanh,50,800,-0.8166970471564348,231,-0.763266887918736
"(5,)",tanh,50,200,-0.7882642099611384,20,-0.7426476772767665
"(5,)",tanh,50,400,-0.7952047801273296,51,-0.7308912840939767
"(5,)",tanh,50,800,-0.7952047801273296,51,-0.7308912840939767
"(7,)",tanh,50,200,-0.7998947250999784,72,-0.7444737376374977
"(7,)",tanh,50,400,-0.8065720912191084,103,-0.727642166498049
"(7,)",tanh,50,800,-0.8101424361740855,135,-0.7216496697320225
"(9,)",tanh,50,200,-0.7994019431560501,70,-0.7303854040347237
"(9,)",tanh,50,400,-0.8227731415543242,348,-0.7037949349760371
"(9,)",tanh,50,800,-0.8266598047320761,368,-0.698153215320819
"(11,)",tanh,50,200,-0.7939593303639689,46,-0.7091130111691427
"(11,)",tanh,50,400,-0.8056541962088154,99,-0.685503031509663
"(11,)",tanh,50,800,-0.8072659716680215,110,-0.6817543642558014
"(13,)",tanh,50,200,-0.7934914077362802,41,-0.7080615464526836
"(13,)",tanh,50,400,-0.8078174819084017,113,-0.6875128670630918
"(13,)",tanh,50,800,-0.811151065459557,151,-0.6846193735070925
"(15,)",tanh,50,200,-0.8055202370040717,96,-0.6997713899954374
"(15,)",tanh,50,400,-0.818838618788314,295,-0.6603107534880523
"(15,)",tanh,50,800,-0.8246101941438742,364,-0.6514808939843546
"(17,)",tanh,50,200,-0.7945089132090135,48,-0.6921785632649579
"(17,)",tanh,50,400,-0.8206028638125933,326,-0.6545126116138571
"(17,)",tanh,50,800,-0.8337909621831724,382,-0.6417895759719281
"(19,)",tanh,50,200,-0.8184731668828406,290,-0.6906418937197893
"(19,)",tanh,50,400,-0.8472282977677492,390,-0.6463276137922017
"(19,)",tanh,50,800,-0.8644619180647177,396,-0.623781194236616
"(21,)",tanh,50,200,-0.8030361835354946,84,-0.6899819499314901
"(21,)",tanh,50,400,-0.8315712623333645,378,-0.6441231641022642
"(21,)",tanh,50,800,-0.8613912074457696,395,-0.6146726510314217
"(1,)",tanh,100,200,-0.8382248546765453,386,-0.8195451970391339
"(1,)",tanh,100,400,-0.822464155378732,343,-0.8029614460465421
"(1,)",tanh,100,800,-0.822464155378732,343,-0.8029614460465421
"(3,)",tanh,100,200,-0.8195791527312257,299,-0.7854972768598442
"(3,)",tanh,100,400,-0.8129066579578919,185,-0.7698194923338628
"(3,)",tanh,100,800,-0.8124087525752172,172,-0.7695934825104769
"(5,)",tanh,100,200,-0.7935778687783378,43,-0.760666073582144
"(5,)",tanh,100,400,-0.7921768318802654,38,-0.7356293099196094
"(5,)",tanh,100,800,-0.7935367630994811,42,-0.733867917703576
"(7,)",tanh,100,200,-0.8045568323221532,92,-0.7587604507324723
"(7,)",tanh,100,400,-0.7999431077807959,73,-0.7368644860728792
"(7,)",tanh,100,800,-0.8076636200769602,111,-0.7253129257128825
"(9,)",tanh,100,200,-0.790140009604859,26,-0.7460215324000864
"(9,)",tanh,100,400,-0.8041668484122614,87,-0.7178650184806978
"(9,)",tanh,100,800,-0.8156668633616013,203,-0.7017717312055685
"(11,)",tanh,100,200,-0.791164802858527,35,-0.7255864618741826
"(11,)",tanh,100,400,-0.7978514124769188,63,-0.6991327183885137
"(11,)",tanh,100,800,-0.8051037394359646,94,-0.6909583853076403
"(13,)",tanh,100,200,-0.790933368085587,30,-0.7263998205737664
"(13,)",tanh,100,400,-0.8007148813165719,76,-0.6980077851933544
"(13,)",tanh,100,800,-0.810208534643895,136,-0.6871012889816726
"(15,)",tanh,100,200,-0.8055461533386534,97,-0.7303584487075787
"(15,)",tanh,100,400,-0.8110410546735878,150,-0.6849543303590587
"(15,)",tanh,100,800,-0.8236168242042445,355,-0.6553193333296188
"(17,)",tanh,100,200,-0.7911160418973934,34,-0.714407088246752
"(17,)",tanh,100,400,-0.7977307349642959,60,-0.676934910997139
"(17,)",tanh,100,800,-0.8240768452218635,357,-0.6476298979494132
"(19,)",tanh,100,200,-0.8119610691000355,168,-0.7188954591907251
"(19,)",tanh,100,400,-0.8303813779923013,377,-0.6717347502662542
"(19,)",tanh,100,800,-0.8574219255437647,393,-0.634957638466831
"(21,)",tanh,100,200,-0.7931628924463965,39,-0.7124295749487052
"(21,)",tanh,100,400,-0.8156137006331784,202,-0.6712537817329811
"(21,)",tanh,100,800,-0.8506969028844237,392,-0.6268787026512164
"(1,)",tanh,200,200,-0.8610087804630615,394,-0.8485406958297226
"(1,)",tanh,200,400,-0.8334812218730286,381,-0.8149669383764214
"(1,)",tanh,200,800,-0.8317708786721564,380,-0.8117839861436625
"(3,)",tanh,200,200,-0.824557513418742,361,-0.8024966137960711
"(3,)",tanh,200,400,-0.8214315507247354,338,-0.7857400461786739
"(3,)",tanh,200,800,-0.8178062054281595,260,-0.78129553139435
"(5,)",tanh,200,200,-0.8133070011035661,190,-0.7857474941065374
"(5,)",tanh,200,400,-0.791588077080836,36,-0.755186742403533
"(5,)",tanh,200,800,-0.7887438880496449,22,-0.7421108138426601
"(7,)",tanh,200,200,-0.813624424476156,193,-0.7761194884990592
"(7,)",tanh,200,400,-0.8025679208026993,82,-0.7535595117099362
"(7,)",tanh,200,800,-0.8010209071878327,78,-0.7465983867287854
"(9,)",tanh,200,200,-0.7977826933882832,61,-0.7665845073560018
"(9,)",tanh,200,400,-0.7893327997212585,24,-0.739448439399806
"(9,)",tanh,200,800,-0.7988792595514054,66,-0.7253405317344896
"(11,)",tanh,200,200,-0.7938310100024049,44,-0.7465002101433489
"(11,)",tanh,200,400,-0.7910234574415536,32,-0.7193253088022061
"(11,)",tanh,200,800,-0.7958249795600194,53,-0.7102908706758626
"(13,)",tanh,200,200,-0.7976508864747294,58,-0.7515203314620303
"(13,)",tanh,200,400,-0.7910966037957881,33,-0.7201186113971568
"(13,)",tanh,200,800,-0.7959292198937061,54,-0.7069786904222103
"(15,)",tanh,200,200,-0.8094436076098128,126,-0.7604836744495319
"(15,)",tanh,200,400,-0.8055487314237917,98,-0.7228101172835107
"(15,)",tanh,200,800,-0.8140685350433327,196,-0.6791380223319707
"(17,)",tanh,200,200,-0.7989259173401895,67,-0.7426673281527998
"(17,)",tanh,200,400,-0.7889903040945654,23,-0.7062730387915389
"(17,)",tanh,200,800,-0.7993275118559123,69,-0.6783280959722665
"(19,)",tanh,200,200,-0.8099392884584857,134,-0.7507741934326341
"(19,)",tanh,200,400,-0.8123293733780708,171,-0.7096839539986478
"(19,)",tanh,200,800,-0.8342138402965625,383,-0.6690066295277738
"(21,)",tanh,200,200,-0.7905294965635639,28,-0.7383699325773312
"(21,)",tanh,200,400,-0.7982598480336224,65,-0.7051406572610239
"(21,)",tanh,200,800,-0.8172433051305301,244,-0.6680154304085543
"(1,)",relu,50,200,-0.8171581864487569,239,-0.8039845546543471
"(1,)",relu,50,400,-0.8164839860888696,224,-0.8033081035634957
"(1,)",relu,50,800,-0.8164839860888696,224,-0.8033081035634957
"(3,)",relu,50,200,-0.8098069855138856,131,-0.7874940617868575
"(3,)",relu,50,400,-0.8071110795084705,108,-0.784142907127835
"(3,)",relu,50,800,-0.8071110795084705,108,-0.784142907127835
"(5,)",relu,50,200,-0.8037275398389673,85,-0.7562682567322085
"(5,)",relu,50,400,-0.8044989893906547,90,-0.7526381821283356
"(5,)",relu,50,800,-0.8044989893906547,90,-0.7526381821283356
"(7,)",relu,50,200,-0.8165402400127519,230,-0.7572932267084608
"(7,)",relu,50,400,-0.818333921382125,277,-0.744049615306212
"(7,)",relu,50,800,-0.8198007589789758,307,-0.7426495132568502
"(9,)",relu,50,200,-0.8115451870957647,158,-0.7484222919054078
"(9,)",relu,50,400,-0.8122927842257935,170,-0.7432868406855065
"(9,)",relu,50,800,-0.8133228017286669,191,-0.7430081172687821
"(11,)",relu,50,200,-0.8183425315302479,278,-0.7188819283664882
"(11,)",relu,50,400,-0.822259925763538,342,-0.7060377590839639
"(11,)",relu,50,800,-0.8226709796589325,346,-0.7055597919637572
"(13,)",relu,50,200,-0.8110155465508251,148,-0.7240834929504966
"(13,)",relu,50,400,-0.8147258229394915,197,-0.7022154603664744
"(13,)",relu,50,800,-0.8159118080347403,207,-0.7013138031943582
"(15,)",relu,50,200,-0.8172091244212165,243,-0.7112727802282246
"(15,)",relu,50,400,-0.8215462742464567,339,-0.6919015519974956
"(15,)",relu,50,800,-0.8226794085691728,347,-0.6899773208341897
"(17,)",relu,50,200,-0.8150083989337533,198,-0.7109245420388888
"(17,)",relu,50,400,-0.8230853861814236,352,-0.6815687162749982
"(17,)",relu,50,800,-0.8273129476567934,369,-0.6758329144223413
"(19,)",relu,50,200,-0.8241150856324149,358,-0.6972149513220667
"(19,)",relu,50,400,-0.8273897971292017,371,-0.6834945865333244
"(19,)",relu,50,800,-0.8275928867981776,372,-0.6834346057349616
"(21,)",relu,50,200,-0.817404955799405,252,-0.6900787874708151
"(21,)",relu,50,400,-0.83803137314388,385,-0.6684230154143074
"(21,)",relu,50,800,-0.8401075334085707,388,-0.6662132445605268
"(1,)",relu,100,200,-0.8245994424638796,363,-0.8121049863301959
"(1,)",relu,100,400,-0.8222512965250994,340,-0.8079226435067737
"(1,)",relu,100,800,-0.8222512965250994,340,-0.8079226435067737
"(3,)",relu,100,200,-0.8094302320760368,123,-0.792123015667237
"(3,)",relu,100,400,-0.8094302320760368,123,-0.792123015667237
"(3,)",relu,100,800,-0.8094302320760368,123,-0.792123015667237
"(5,)",relu,100,200,-0.8106091537572295,140,-0.7644575275796787
"(5,)",relu,100,400,-0.8064964258753944,101,-0.7559578581011197
"(5,)",relu,100,800,-0.8064964258753944,101,-0.7559578581011197
"(7,)",relu,100,200,-0.8240313548345732,356,-0.7763588422398733
"(7,)",relu,100,400,-0.813961936483922,195,-0.7534432760275693
"(7,)",relu,100,800,-0.8153281915711388,201,-0.7522991208733643
"(9,)",relu,100,200,-0.8124711337506506,176,-0.7583836364357873
"(9,)",relu,100,400,-0.8116269566634443,164,-0.7467018996454964
"(9,)",relu,100,800,-0.8116269566634443,164,-0.7467018996454964
"(11,)",relu,100,200,-0.8136123793385049,192,-0.7286176832127296
"(11,)",relu,100,400,-0.8180537258005881,270,-0.711676737300233
"(11,)",relu,100,800,-0.8176425415638569,254,-0.7065406074891641
"(13,)",relu,100,200,-0.8095372845863489,127,-0.7373771970253327
"(13,)",relu,100,400,-0.8115917738443663,159,-0.713805566493947
"(13,)",relu,100,800,-0.8137935825761582,194,-0.7056929466145174
"(15,)",relu,100,200,-0.812964025487708,188,-0.7283679046399634
"(15,)",relu,100,400,-0.8188771805044255,296,-0.7039232230317732
"(15,)",relu,100,800,-0.8226237011381434,345,-0.697466224197177
"(17,)",relu,100,200,-0.8124474631645274,175,-0.7317121073299374
"(17,)",relu,100,400,-0.8177183196833123,255,-0.7001143097554872
"(17,)",relu,100,800,-0.8243881296069793,360,-0.6851352039139301
"(19,)",relu,100,200,-0.8179185034858445,263,-0.7120485018998812
"(19,)",relu,100,400,-0.8273192534077708,370,-0.6864962782398236
"(19,)",relu,100,800,-0.8315942722108419,379,-0.6754417406192466
"(21,)",relu,100,200,-0.8069382677709296,107,-0.7042233166871581
"(21,)",relu,100,400,-0.820868395006169,333,-0.6804944903561877
"(21,)",relu,100,800,-0.8227790347132403,349,-0.6764240899224532
"(1,)",relu,200,200,-0.8373830312692612,384,-0.8274898161444094
"(1,)",relu,200,400,-0.8276956321738961,373,-0.8150559376062008
"(1,)",relu,200,800,-0.8276956321738961,373,-0.8150559376062008
"(3,)",relu,200,200,-0.8097837834851284,130,-0.7937164314251338
"(3,)",relu,200,400,-0.8096913476672339,128,-0.7936544408646679
"(3,)",relu,200,800,-0.8096913476672339,128,-0.7936544408646679
"(5,)",relu,200,200,-0.8178196439550757,261,-0.7813725497315078
"(5,)",relu,200,400,-0.8126697807227631,182,-0.7630897742541493
"(5,)",relu,200,800,-0.8112933030120196,153,-0.7623507804935441
"(7,)",relu,200,200,-0.8385699417358572,387,-0.8003343803192136
"(7,)",relu,200,400,-0.8171067158159376,238,-0.7695106439823027
"(7,)",relu,200,800,-0.808413109389415,119,-0.7552077507323012
"(9,)",relu,200,200,-0.8165174606014853,226,-0.7747712409899191
"(9,)",relu,200,400,-0.8116180332731778,163,-0.7579363335419197
"(9,)",relu,200,800,-0.8117567691365242,167,-0.7574020276261038
"(11,)",relu,200,200,-0.8067779479191381,105,-0.739489496342974
"(11,)",relu,200,400,-0.8131340249672327,189,-0.7299824095982178
"(11,)",relu,200,800,-0.8128434021917341,184,-0.7287384446657305
"(13,)",relu,200,200,-0.8068120073684675,106,-0.7560035246388261
"(13,)",relu,200,400,-0.8114475564303898,157,-0.7351098947294495
"(13,)",relu,200,800,-0.8098761965090508,132,-0.7259048623185762
"(15,)",relu,200,200,-0.8085461204112917,121,-0.7480911493026402
"(15,)",relu,200,400,-0.8103564772110483,137,-0.7225437990347818
"(15,)",relu,200,800,-0.8172966553080114,245,-0.7164167559329486
"(17,)",relu,200,200,-0.8117545665408628,166,-0.7559265282069945
"(17,)",relu,200,400,-0.810754523926373,144,-0.7262711890329594
"(17,)",relu,200,800,-0.8175114001593377,253,-0.7078462113530553
"(19,)",relu,200,200,-0.8110221982529684,149,-0.7340172169790709
"(19,)",relu,200,400,-0.8205250449495752,322,-0.7072457164626892
"(19,)",relu,200,800,-0.8245966135649876,362,-0.7017793750999163
"(21,)",relu,200,200,-0.801622851036953,80,-0.7219884600864263
"(21,)",relu,200,400,-0.8124220391656362,173,-0.7032331078333638
"(21,)",relu,200,800,-0.8124220391656362,173,-0.7032331078333638
