param_hidden_layer_sizes,param_activation,param_batch_size,param_max_iter,param_alpha,mean_test_score,rank_test_score,mean_train_score
"(1,)",identity,50,200,0.0001,-0.14391738242372748,25,-0.14355428323421793
"(1,)",identity,50,400,0.0001,-0.14471341018850598,117,-0.14347861883958876
"(1,)",identity,50,800,0.0001,-0.14460007208339098,101,-0.14345049036447705
"(3,)",identity,50,200,0.0001,-0.14600318001505302,308,-0.1455886447630163
"(3,)",identity,50,400,0.0001,-0.1466146723368968,431,-0.145102708261035
"(3,)",identity,50,800,0.0001,-0.14683420596748528,487,-0.1452100021303411
"(5,)",identity,50,200,0.0001,-0.14767441029604914,593,-0.1462293607991647
"(5,)",identity,50,400,0.0001,-0.14492246278704496,150,-0.1441231585052711
"(5,)",identity,50,800,0.0001,-0.14525474008347844,207,-0.14425826174380102
"(7,)",identity,50,200,0.0001,-0.1453399787626966,228,-0.14517989347162513
"(7,)",identity,50,400,0.0001,-0.14465348052829444,106,-0.1445264773802577
"(7,)",identity,50,800,0.0001,-0.14388704589263507,22,-0.14449854961542105
"(9,)",identity,50,200,0.0001,-0.1453861028401619,234,-0.1450656825126433
"(9,)",identity,50,400,0.0001,-0.144181427089861,41,-0.1442045579898463
"(9,)",identity,50,800,0.0001,-0.14428253737868477,55,-0.14447643937573024
"(11,)",identity,50,200,0.0001,-0.14660904405503739,429,-0.14579865829787383
"(11,)",identity,50,400,0.0001,-0.1447479686310132,126,-0.14461006478666177
"(11,)",identity,50,800,0.0001,-0.14485912646228588,138,-0.14450362920985602
"(13,)",identity,50,200,0.0001,-0.1460714366718988,322,-0.14558465316706193
"(13,)",identity,50,400,0.0001,-0.14591013546784296,290,-0.14509724037331334
"(13,)",identity,50,800,0.0001,-0.14591013546784296,290,-0.14509724037331334
"(15,)",identity,50,200,0.0001,-0.14397520109219109,30,-0.1446921122018828
"(15,)",identity,50,400,0.0001,-0.14441485996291206,70,-0.1447423627985763
"(15,)",identity,50,800,0.0001,-0.14441485996291206,70,-0.1447423627985763
"(17,)",identity,50,200,0.0001,-0.14422271893870356,46,-0.14417718067809068
"(17,)",identity,50,400,0.0001,-0.14364313422404296,10,-0.14366306271077817
"(17,)",identity,50,800,0.0001,-0.14364313422404296,10,-0.14366306271077817
"(19,)",identity,50,200,0.0001,-0.1447852745151924,131,-0.1446850959671185
"(19,)",identity,50,400,0.0001,-0.14496155946796352,153,-0.14468955665239297
"(19,)",identity,50,800,0.0001,-0.14496155946796352,153,-0.14468955665239297
"(21,)",identity,50,200,0.0001,-0.1444397916486642,75,-0.14461032125446383
"(21,)",identity,50,400,0.0001,-0.14510405364325968,184,-0.14414970847849032
"(21,)",identity,50,800,0.0001,-0.14510405364325968,184,-0.14414970847849032
"(1,)",identity,100,200,0.0001,-0.1493979427972275,729,-0.14792176207515645
"(1,)",identity,100,400,0.0001,-0.14376184211574158,15,-0.14361217491498854
"(1,)",identity,100,800,0.0001,-0.14435973110583983,64,-0.1437224868023107
"(3,)",identity,100,200,0.0001,-0.14767102170454088,591,-0.14756202595153212
"(3,)",identity,100,400,0.0001,-0.14674574098058313,466,-0.14582915317067088
"(3,)",identity,100,800,0.0001,-0.14567599290810557,268,-0.14561408189764397
"(5,)",identity,100,200,0.0001,-0.14801286534181185,620,-0.14718943905070664
"(5,)",identity,100,400,0.0001,-0.1467431787653029,465,-0.14499529713688994
"(5,)",identity,100,800,0.0001,-0.14575203434820705,275,-0.14482994930859633
"(7,)",identity,100,200,0.0001,-0.1468500680527261,491,-0.14550614498867806
"(7,)",identity,100,400,0.0001,-0.14639852497673053,382,-0.14463977884748158
"(7,)",identity,100,800,0.0001,-0.14508859393875992,179,-0.14428849464518506
"(9,)",identity,100,200,0.0001,-0.14735520227542803,556,-0.14628186695013726
"(9,)",identity,100,400,0.0001,-0.14538485198512316,233,-0.14474000138406412
"(9,)",identity,100,800,0.0001,-0.14473091204595215,119,-0.14523199221287103
"(11,)",identity,100,200,0.0001,-0.14667511243459863,447,-0.1464162533603141
"(11,)",identity,100,400,0.0001,-0.14552628112326002,257,-0.1455850205777931
"(11,)",identity,100,800,0.0001,-0.14529170549605108,217,-0.14520622355431034
"(13,)",identity,100,200,0.0001,-0.1480013683312716,618,-0.14630791780361974
"(13,)",identity,100,400,0.0001,-0.14595054599479462,297,-0.14515264808938375
"(13,)",identity,100,800,0.0001,-0.1460603898932717,317,-0.14520507432776517
"(15,)",identity,100,200,0.0001,-0.14701391617442552,506,-0.14631073526763455
"(15,)",identity,100,400,0.0001,-0.14466328284105762,109,-0.14498376421438294
"(15,)",identity,100,800,0.0001,-0.14519212662026337,198,-0.14482323259256713
"(17,)",identity,100,200,0.0001,-0.14516772983736137,192,-0.14523667064525048
"(17,)",identity,100,400,0.0001,-0.14462241684803573,103,-0.14426148368587827
"(17,)",identity,100,800,0.0001,-0.14388005698437856,21,-0.14417870020707074
"(19,)",identity,100,200,0.0001,-0.14500598237863502,163,-0.145289310489634
"(19,)",identity,100,400,0.0001,-0.14499668403437085,160,-0.14439216884548212
"(19,)",identity,100,800,0.0001,-0.14500347801715258,162,-0.1443406363844618
"(21,)",identity,100,200,0.0001,-0.1450655042218138,174,-0.14496365921673207
"(21,)",identity,100,400,0.0001,-0.14422298779607393,47,-0.1447979428887985
"(21,)",identity,100,800,0.0001,-0.14422298779607393,47,-0.1448791201676724
"(1,)",identity,200,200,0.0001,-0.159710708808448,1035,-0.15814444685797377
"(1,)",identity,200,400,0.0001,-0.14781550882997468,609,-0.1468867494494825
"(1,)",identity,200,800,0.0001,-0.14344780962438303,8,-0.1437224079469778
"(3,)",identity,200,200,0.0001,-0.1561046814168861,1025,-0.15535020206247158
"(3,)",identity,200,400,0.0001,-0.1472368567845077,546,-0.14686951726847985
"(3,)",identity,200,800,0.0001,-0.14552611498827378,256,-0.1455322320337027
"(5,)",identity,200,200,0.0001,-0.15147357243759146,989,-0.15101806194787387
"(5,)",identity,200,400,0.0001,-0.1483294350843427,635,-0.1468955089320175
"(5,)",identity,200,800,0.0001,-0.14608914789750377,328,-0.14510419841448452
"(7,)",identity,200,200,0.0001,-0.14707298790027307,522,-0.1458284756964982
"(7,)",identity,200,400,0.0001,-0.14738883157144161,563,-0.14464476322498218
"(7,)",identity,200,800,0.0001,-0.14617488213992105,343,-0.1450994501052913
"(9,)",identity,200,200,0.0001,-0.15098752807883678,957,-0.1497868676062926
"(9,)",identity,200,400,0.0001,-0.14663090257301475,439,-0.14547491395498185
"(9,)",identity,200,800,0.0001,-0.14543160673488176,241,-0.14493034339663433
"(11,)",identity,200,200,0.0001,-0.1476812493374566,595,-0.14795758388347277
"(11,)",identity,200,400,0.0001,-0.14618944254654315,348,-0.14625682471200818
"(11,)",identity,200,800,0.0001,-0.14622935705406995,360,-0.14545109418696014
"(13,)",identity,200,200,0.0001,-0.14834926293457537,638,-0.1473751676097111
"(13,)",identity,200,400,0.0001,-0.14680137341977373,474,-0.14603921134770997
"(13,)",identity,200,800,0.0001,-0.14724791436308576,548,-0.14542499272565904
"(15,)",identity,200,200,0.0001,-0.14887960422147684,677,-0.14800998418592481
"(15,)",identity,200,400,0.0001,-0.1467111897770531,458,-0.14560945087432284
"(15,)",identity,200,800,0.0001,-0.14473674272449621,120,-0.14515581513138393
"(17,)",identity,200,200,0.0001,-0.14641631052443396,386,-0.14588168250611155
"(17,)",identity,200,400,0.0001,-0.14529788547973096,219,-0.14475185064125068
"(17,)",identity,200,800,0.0001,-0.14651377374297328,404,-0.14444517377013705
"(19,)",identity,200,200,0.0001,-0.14590129385551406,287,-0.14599028051185176
"(19,)",identity,200,400,0.0001,-0.14594781271431398,294,-0.14491214629270474
"(19,)",identity,200,800,0.0001,-0.14617918407779007,346,-0.14469669409777575
"(21,)",identity,200,200,0.0001,-0.14650065075656676,396,-0.14585303778236397
"(21,)",identity,200,400,0.0001,-0.14486030464123534,139,-0.14466786939058515
"(21,)",identity,200,800,0.0001,-0.14486397458839706,141,-0.14439858010129042
"(1,)",identity,50,200,0.01,-0.14393295889176183,28,-0.14339102742279164
"(1,)",identity,50,400,0.01,-0.14480985113021572,136,-0.14339594530535069
"(1,)",identity,50,800,0.01,-0.14469782322561847,113,-0.14347808956829747
"(3,)",identity,50,200,0.01,-0.14589539717547298,286,-0.14564275821184153
"(3,)",identity,50,400,0.01,-0.14661509891995916,432,-0.14496827852057664
"(3,)",identity,50,800,0.01,-0.1465048284384197,400,-0.1449680802958351
"(5,)",identity,50,200,0.01,-0.1476783620611778,594,-0.14633775057655718
"(5,)",identity,50,400,0.01,-0.14502738154522404,170,-0.1445316516427389
"(5,)",identity,50,800,0.01,-0.14555049501927234,259,-0.144450853792337
"(7,)",identity,50,200,0.01,-0.14566338432341402,264,-0.1451253762412051
"(7,)",identity,50,400,0.01,-0.14455589846338673,93,-0.14463861516630017
"(7,)",identity,50,800,0.01,-0.14455589846338673,93,-0.14447694055781862
"(9,)",identity,50,200,0.01,-0.1451742158018779,195,-0.14506727043543505
"(9,)",identity,50,400,0.01,-0.14397973271375047,31,-0.14434085977028188
"(9,)",identity,50,800,0.01,-0.14431448007356198,57,-0.14450127714287964
"(11,)",identity,50,200,0.01,-0.14650003867799624,395,-0.14593496072049986
"(11,)",identity,50,400,0.01,-0.14495391755556294,152,-0.1447177805567765
"(11,)",identity,50,800,0.01,-0.14507791577602727,176,-0.14463651675520922
"(13,)",identity,50,200,0.01,-0.1460641065713431,319,-0.1455054855379326
"(13,)",identity,50,400,0.01,-0.14615547562337106,339,-0.14528679910123649
"(13,)",identity,50,800,0.01,-0.14615547562337106,339,-0.14528679910123649
"(15,)",identity,50,200,0.01,-0.14464521787034415,105,-0.14423279206566222
"(15,)",identity,50,400,0.01,-0.1438930134222999,23,-0.14460802382967175
"(15,)",identity,50,800,0.01,-0.1438930134222999,23,-0.14460802382967175
"(17,)",identity,50,200,0.01,-0.1445635667328132,97,-0.1442863346987259
"(17,)",identity,50,400,0.01,-0.14454293318887113,87,-0.14417570872813795
"(17,)",identity,50,800,0.01,-0.14454293318887113,87,-0.14417570872813795
"(19,)",identity,50,200,0.01,-0.14520640970113924,200,-0.14452606543611607
"(19,)",identity,50,400,0.01,-0.14450666092841866,83,-0.14463457228853213
"(19,)",identity,50,800,0.01,-0.14450666092841866,83,-0.14463457228853213
"(21,)",identity,50,200,0.01,-0.14455275174822627,91,-0.14453101625231296
"(21,)",identity,50,400,0.01,-0.1447963478610958,134,-0.1445520372340389
"(21,)",identity,50,800,0.01,-0.1447963478610958,134,-0.1445520372340389
"(1,)",identity,100,200,0.01,-0.1493974219211553,728,-0.14813505916987046
"(1,)",identity,100,400,0.01,-0.14376184211574158,15,-0.14374865068480192
"(1,)",identity,100,800,0.01,-0.1446700681863674,110,-0.14312024161475226
"(3,)",identity,100,200,0.01,-0.14746271998057825,566,-0.1475351497868787
"(3,)",identity,100,400,0.01,-0.1468485183017978,490,-0.14577538518985983
"(3,)",identity,100,800,0.01,-0.14633383022082097,372,-0.1456953967138756
"(5,)",identity,100,200,0.01,-0.14779817160978959,605,-0.14724298319034995
"(5,)",identity,100,400,0.01,-0.14685218414234408,492,-0.14504936578029057
"(5,)",identity,100,800,0.01,-0.14522302530039438,202,-0.14461477062210845
"(7,)",identity,100,200,0.01,-0.14695330441262194,502,-0.1453438591556277
"(7,)",identity,100,400,0.01,-0.14629426414235985,368,-0.14466611216141345
"(7,)",identity,100,800,0.01,-0.14551732803477052,254,-0.14504385568773354
"(9,)",identity,100,200,0.01,-0.14735520227542803,556,-0.14614800502518144
"(9,)",identity,100,400,0.01,-0.145486944112738,247,-0.14468660405249995
"(9,)",identity,100,800,0.01,-0.14473875080196835,121,-0.14490706354725744
"(11,)",identity,100,200,0.01,-0.14702144818000082,509,-0.14644283204044267
"(11,)",identity,100,400,0.01,-0.14542280462450227,237,-0.14534529716972605
"(11,)",identity,100,800,0.01,-0.14528800382416165,215,-0.1451236142137456
"(13,)",identity,100,200,0.01,-0.1480013683312716,618,-0.14644195452716532
"(13,)",identity,100,400,0.01,-0.14614921267618136,337,-0.1453676201704945
"(13,)",identity,100,800,0.01,-0.1463727705416491,376,-0.1451263768074185
"(15,)",identity,100,200,0.01,-0.14711937247652224,527,-0.14631037862020177
"(15,)",identity,100,400,0.01,-0.14443812228055994,74,-0.14519907446813726
"(15,)",identity,100,800,0.01,-0.14486321912129244,140,-0.14490206802422181
"(17,)",identity,100,200,0.01,-0.14516772983736137,192,-0.14510289968814266
"(17,)",identity,100,400,0.01,-0.14461072867302077,102,-0.14442348274169212
"(17,)",identity,100,800,0.01,-0.1443065325066934,56,-0.1443406992628846
"(19,)",identity,100,200,0.01,-0.1452263054793613,203,-0.1453967523310444
"(19,)",identity,100,400,0.01,-0.14532823571702652,224,-0.1445001670570288
"(19,)",identity,100,800,0.01,-0.1445597860068986,95,-0.14447598004331946
"(21,)",identity,100,200,0.01,-0.14463831401199045,104,-0.14499200897701722
"(21,)",identity,100,400,0.01,-0.14400467363882827,33,-0.14471753825932776
"(21,)",identity,100,800,0.01,-0.14400467363882827,33,-0.1447987155382017
"(1,)",identity,200,200,0.01,-0.15981019110728675,1036,-0.1581444844608745
"(1,)",identity,200,400,0.01,-0.1477132760845192,597,-0.1468867494494825
"(1,)",identity,200,800,0.01,-0.14377116261193254,17,-0.14380358197152665
"(3,)",identity,200,200,0.01,-0.1561046814168861,1025,-0.15530013754680794
"(3,)",identity,200,400,0.01,-0.14713140048241097,528,-0.14692165754031908
"(3,)",identity,200,800,0.01,-0.14521777952899084,201,-0.14574762092820912
"(5,)",identity,200,200,0.01,-0.1512637757974328,981,-0.15104394768152918
"(5,)",identity,200,400,0.01,-0.1483294350843427,635,-0.1468694047378602
"(5,)",identity,200,800,0.01,-0.14620117580210107,354,-0.14510379640459273
"(7,)",identity,200,200,0.01,-0.14654875146120283,416,-0.1458284756964982
"(7,)",identity,200,400,0.01,-0.14738883157144161,563,-0.1447527659070746
"(7,)",identity,200,800,0.01,-0.1456543390090972,262,-0.14526138135173772
"(9,)",identity,200,200,0.01,-0.15098752807883678,957,-0.1497868676062926
"(9,)",identity,200,400,0.01,-0.14662625904608834,437,-0.14552712072534071
"(9,)",identity,200,800,0.01,-0.14543686061149516,243,-0.14517444534822116
"(11,)",identity,200,200,0.01,-0.14780058582331898,606,-0.14795777390335932
"(11,)",identity,200,400,0.01,-0.14618944254654315,348,-0.14617658627517938
"(11,)",identity,200,800,0.01,-0.14623087458651005,361,-0.1455060716347915
"(13,)",identity,200,200,0.01,-0.14813988507898296,625,-0.14716270407265286
"(13,)",identity,200,400,0.01,-0.14702321426643108,511,-0.14619974914100237
"(13,)",identity,200,800,0.01,-0.1471528353568744,535,-0.14537037187085616
"(15,)",identity,200,200,0.01,-0.14866869161728338,651,-0.148116251081934
"(15,)",identity,200,400,0.01,-0.14660419947448053,427,-0.1456365441951965
"(15,)",identity,200,800,0.01,-0.14509878503471604,183,-0.14520647979665852
"(17,)",identity,200,200,0.01,-0.14641631052443396,386,-0.14569427150688963
"(17,)",identity,200,400,0.01,-0.145409024252888,236,-0.14480598386502663
"(17,)",identity,200,800,0.01,-0.14702870271921656,512,-0.14458524882002619
"(19,)",identity,200,200,0.01,-0.14590129385551406,287,-0.1458561960083329
"(19,)",identity,200,400,0.01,-0.14595404077014046,299,-0.1449942407361653
"(19,)",identity,200,800,0.01,-0.1465958321854388,424,-0.1446426224788347
"(21,)",identity,200,200,0.01,-0.14650065075656676,396,-0.14588082162782337
"(21,)",identity,200,400,0.01,-0.14508540418136356,178,-0.14458722970487997
"(21,)",identity,200,800,0.01,-0.1449816572428903,158,-0.14423637402941056
"(1,)",identity,50,200,1,-0.14926469155692684,711,-0.14948015083808133
"(1,)",identity,50,400,1,-0.14927900235245475,712,-0.14942887039573874
"(1,)",identity,50,800,1,-0.14927900235245475,712,-0.14942887039573874
"(3,)",identity,50,200,1,-0.14873408302942007,655,-0.14955724004950155
"(3,)",identity,50,400,1,-0.14961859366959168,772,-0.14963835836865508
"(3,)",identity,50,800,1,-0.14961859366959168,772,-0.14963835836865508
"(5,)",identity,50,200,1,-0.14873162998602935,654,-0.14958301227318832
"(5,)",identity,50,400,1,-0.14959201745795192,761,-0.14948006219759763
"(5,)",identity,50,800,1,-0.14959201745795192,761,-0.14948006219759763
"(7,)",identity,50,200,1,-0.1496784905613604,779,-0.1498456999828264
"(7,)",identity,50,400,1,-0.14958293853740995,758,-0.14981993837439056
"(7,)",identity,50,800,1,-0.14958293853740995,758,-0.14981993837439056
"(9,)",identity,50,200,1,-0.149487835632288,741,-0.1499529823692688
"(9,)",identity,50,400,1,-0.14969594064205247,784,-0.1497684224053333
"(9,)",identity,50,800,1,-0.14969594064205247,784,-0.1497684224053333
"(11,)",identity,50,200,1,-0.14906776307782688,692,-0.14953159570628016
"(11,)",identity,50,400,1,-0.1488633755195821,674,-0.14997798551707503
"(11,)",identity,50,800,1,-0.1488633755195821,674,-0.14997798551707503
"(13,)",identity,50,200,1,-0.14948963761572126,742,-0.14960945392184036
"(13,)",identity,50,400,1,-0.14884452035277246,667,-0.14979106807348908
"(13,)",identity,50,800,1,-0.14884452035277246,667,-0.14979106807348908
"(15,)",identity,50,200,1,-0.14992301210500153,812,-0.14940239214374232
"(15,)",identity,50,400,1,-0.15157577956002838,993,-0.14963707018058406
"(15,)",identity,50,800,1,-0.15157577956002838,993,-0.14963707018058406
"(17,)",identity,50,200,1,-0.1490492722395908,687,-0.14976532365482875
"(17,)",identity,50,400,1,-0.14929680518544103,717,-0.14940185556626623
"(17,)",identity,50,800,1,-0.14929680518544103,717,-0.14940185556626623
"(19,)",identity,50,200,1,-0.1491710372762958,705,-0.14963684624804854
"(19,)",identity,50,400,1,-0.14957279593051478,752,-0.14947794094178085
"(19,)",identity,50,800,1,-0.14957279593051478,752,-0.14947794094178085
"(21,)",identity,50,200,1,-0.14957484760733852,755,-0.14995012166079358
"(21,)",identity,50,400,1,-0.14916502282738933,703,-0.14987171441981656
"(21,)",identity,50,800,1,-0.14916502282738933,703,-0.14987171441981656
"(1,)",identity,100,200,1,-0.15342171091658793,1012,-0.15150710675536086
"(1,)",identity,100,400,1,-0.14948971397067792,743,-0.1491680555084652
"(1,)",identity,100,800,1,-0.14948971397067792,743,-0.14919400872003133
"(3,)",identity,100,200,1,-0.1499885567076052,819,-0.1507268808921795
"(3,)",identity,100,400,1,-0.1500363381447415,835,-0.14932430858212697
"(3,)",identity,100,800,1,-0.15023958611457444,853,-0.14948187507871352
"(5,)",identity,100,200,1,-0.15086202061851556,928,-0.15010826378976908
"(5,)",identity,100,400,1,-0.1509538468377024,938,-0.1490361834568717
"(5,)",identity,100,800,1,-0.15106977812583847,970,-0.14919291868279422
"(7,)",identity,100,200,1,-0.15065158137035137,908,-0.14916774264604762
"(7,)",identity,100,400,1,-0.15032764403401339,863,-0.14882677686245635
"(7,)",identity,100,800,1,-0.15032764403401339,863,-0.14882677686245635
"(9,)",identity,100,200,1,-0.14834266790235298,637,-0.14822154696011697
"(9,)",identity,100,400,1,-0.15074867445026788,918,-0.14845768319233354
"(9,)",identity,100,800,1,-0.15074867445026788,918,-0.14845768319233354
"(11,)",identity,100,200,1,-0.1505311013635709,894,-0.14882355788409113
"(11,)",identity,100,400,1,-0.15147247250183826,987,-0.14880004020160761
"(11,)",identity,100,800,1,-0.15096368272382069,948,-0.1489326296883898
"(13,)",identity,100,200,1,-0.1510667557300826,969,-0.14953134527275028
"(13,)",identity,100,400,1,-0.1502107396835239,844,-0.14903880357595498
"(13,)",identity,100,800,1,-0.1502107396835239,844,-0.14903880357595498
"(15,)",identity,100,200,1,-0.1509312668484927,933,-0.14908890708287065
"(15,)",identity,100,400,1,-0.15096447979246463,949,-0.1492703675668321
"(15,)",identity,100,800,1,-0.15096447979246463,949,-0.1492703675668321
"(17,)",identity,100,200,1,-0.14980683852874727,798,-0.1491654050676769
"(17,)",identity,100,400,1,-0.1509511844647857,936,-0.1487736705628886
"(17,)",identity,100,800,1,-0.1509511844647857,936,-0.1487736705628886
"(19,)",identity,100,200,1,-0.150222338959992,850,-0.1486175223471756
"(19,)",identity,100,400,1,-0.15146106752507485,985,-0.14895495021777996
"(19,)",identity,100,800,1,-0.15146106752507485,985,-0.14895495021777996
"(21,)",identity,100,200,1,-0.150451091159215,886,-0.14872205905766028
"(21,)",identity,100,400,1,-0.1498125832656068,800,-0.14890524956903958
"(21,)",identity,100,800,1,-0.1498125832656068,800,-0.14890524956903958
"(1,)",identity,200,200,1,-0.16318376033242193,1046,-0.16339408231720456
"(1,)",identity,200,400,1,-0.1522759880542997,997,-0.15125088429957864
"(1,)",identity,200,800,1,-0.14885818382662608,672,-0.14895354092786087
"(3,)",identity,200,200,1,-0.1640794886039733,1048,-0.1617470726849671
"(3,)",identity,200,400,1,-0.15031243939179292,857,-0.15075350855209751
"(3,)",identity,200,800,1,-0.14999675892710984,820,-0.14903694482024332
"(5,)",identity,200,200,1,-0.15032929012950816,865,-0.15083391020701228
"(5,)",identity,200,400,1,-0.1509708472319043,954,-0.15003062901165412
"(5,)",identity,200,800,1,-0.15147318406046337,988,-0.1495081646866527
"(7,)",identity,200,200,1,-0.15022621947835846,852,-0.1492458637037502
"(7,)",identity,200,400,1,-0.15096611383761357,951,-0.14877344859139224
"(7,)",identity,200,800,1,-0.14970683022561243,786,-0.14824638176931806
"(9,)",identity,200,200,1,-0.1507351507595295,915,-0.14979451143667308
"(9,)",identity,200,400,1,-0.14749343726377195,574,-0.1475070737848978
"(9,)",identity,200,800,1,-0.1499801165858748,816,-0.14774455383443746
"(11,)",identity,200,200,1,-0.1482313601340394,629,-0.147582953877272
"(11,)",identity,200,400,1,-0.1494815350880235,736,-0.1483544036037907
"(11,)",identity,200,800,1,-0.14998449794787055,818,-0.14787738618000001
"(13,)",identity,200,200,1,-0.1496205885138148,774,-0.15047350485305516
"(13,)",identity,200,400,1,-0.1504249656970302,877,-0.14882665264106348
"(13,)",identity,200,800,1,-0.1504249656970302,877,-0.14882665264106348
"(15,)",identity,200,200,1,-0.15013527401300933,841,-0.1497939433350452
"(15,)",identity,200,400,1,-0.14948554142169238,739,-0.1492419965240847
"(15,)",identity,200,800,1,-0.14948554142169238,739,-0.1492419965240847
"(17,)",identity,200,200,1,-0.1501246440884085,838,-0.14935113432086802
"(17,)",identity,200,400,1,-0.15117042240123474,975,-0.1485613880812052
"(17,)",identity,200,800,1,-0.15117042240123474,975,-0.14848132849112503
"(19,)",identity,200,200,1,-0.15096949676712876,953,-0.14987498335690716
"(19,)",identity,200,400,1,-0.15095927357544747,943,-0.14853791995530802
"(19,)",identity,200,800,1,-0.15095927357544747,943,-0.14853791995530802
"(21,)",identity,200,200,1,-0.14939923092959845,730,-0.14835116393690934
"(21,)",identity,200,400,1,-0.1490946493490516,697,-0.14866637677245137
"(21,)",identity,200,800,1,-0.1490946493490516,697,-0.14866637677245137
"(1,)",logistic,50,200,0.0001,-0.1564151751713278,1027,-0.15657841975664474
"(1,)",logistic,50,400,0.0001,-0.14908378513163806,694,-0.14859187996209006
"(1,)",logistic,50,800,0.0001,-0.1477042548492586,596,-0.1459872122373184
"(3,)",logistic,50,200,0.0001,-0.15092253508108025,931,-0.1503166286829233
"(3,)",logistic,50,400,0.0001,-0.15066610286529009,912,-0.14787965852047535
"(3,)",logistic,50,800,0.0001,-0.14626750708313005,364,-0.14361456567387762
"(5,)",logistic,50,200,0.0001,-0.1505540929898969,900,-0.14937867271494662
"(5,)",logistic,50,400,0.0001,-0.14736971864244844,560,-0.14580053961511177
"(5,)",logistic,50,800,0.0001,-0.1464802402598338,392,-0.14510349862757893
"(7,)",logistic,50,200,0.0001,-0.14989445473467705,805,-0.14755974062882365
"(7,)",logistic,50,400,0.0001,-0.14723422853784432,545,-0.14523888253296682
"(7,)",logistic,50,800,0.0001,-0.14570764688684826,271,-0.1450199692001275
"(9,)",logistic,50,200,0.0001,-0.14650634730138629,401,-0.14590692561273969
"(9,)",logistic,50,400,0.0001,-0.146058282350916,316,-0.14601547761120953
"(9,)",logistic,50,800,0.0001,-0.14708304785925627,523,-0.14569393760815355
"(11,)",logistic,50,200,0.0001,-0.14640579785019708,384,-0.14579898832877305
"(11,)",logistic,50,400,0.0001,-0.145948662122189,295,-0.14518217931943816
"(11,)",logistic,50,800,0.0001,-0.1461552592780832,338,-0.1452081962505778
"(13,)",logistic,50,200,0.0001,-0.14714138647710667,530,-0.14598894203405594
"(13,)",logistic,50,400,0.0001,-0.14700699582541485,505,-0.14526361252357162
"(13,)",logistic,50,800,0.0001,-0.14610890467623203,330,-0.14496620192073187
"(15,)",logistic,50,200,0.0001,-0.14713224308314016,529,-0.14617842282466512
"(15,)",logistic,50,400,0.0001,-0.14735481448269,555,-0.1456929174904565
"(15,)",logistic,50,800,0.0001,-0.14566765743509702,266,-0.1445061187770809
"(17,)",logistic,50,200,0.0001,-0.14725308249945443,549,-0.1462838859209758
"(17,)",logistic,50,400,0.0001,-0.14779277988987402,604,-0.14569447528823404
"(17,)",logistic,50,800,0.0001,-0.14616482790403817,341,-0.145237195470533
"(19,)",logistic,50,200,0.0001,-0.14756251510266,583,-0.14695000191896973
"(19,)",logistic,50,400,0.0001,-0.14746427322296313,568,-0.1457199342889546
"(19,)",logistic,50,800,0.0001,-0.14600280837825458,307,-0.14518379750960367
"(21,)",logistic,50,200,0.0001,-0.1470158842294679,507,-0.14641850590749503
"(21,)",logistic,50,400,0.0001,-0.1475426840238125,579,-0.1455326373332883
"(21,)",logistic,50,800,0.0001,-0.14679661317298726,472,-0.1456936612808624
"(1,)",logistic,100,200,0.0001,-0.2068339385000259,1103,-0.20611922885901532
"(1,)",logistic,100,400,0.0001,-0.15380874119398408,1016,-0.15307321794358494
"(1,)",logistic,100,800,0.0001,-0.15021570673179752,848,-0.14835468446347316
"(3,)",logistic,100,200,0.0001,-0.16027878539738105,1039,-0.160381561542457
"(3,)",logistic,100,400,0.0001,-0.15052338877631835,891,-0.1500821759110942
"(3,)",logistic,100,800,0.0001,-0.14784228180945178,610,-0.14447838005153
"(5,)",logistic,100,200,0.0001,-0.1510159495253361,959,-0.15147908004686966
"(5,)",logistic,100,400,0.0001,-0.1503444628522682,872,-0.14843086021088572
"(5,)",logistic,100,800,0.0001,-0.14714220385865592,531,-0.14582490361768602
"(7,)",logistic,100,200,0.0001,-0.1539059386498434,1018,-0.15320225453958997
"(7,)",logistic,100,400,0.0001,-0.1478077344946768,608,-0.14555964077347622
"(7,)",logistic,100,800,0.0001,-0.1463758993121219,377,-0.14513021618267835
"(9,)",logistic,100,200,0.0001,-0.15104434101217606,961,-0.15117100779670714
"(9,)",logistic,100,400,0.0001,-0.14758003697109942,586,-0.14623127650505396
"(9,)",logistic,100,800,0.0001,-0.14657019171147775,420,-0.14561262542097625
"(11,)",logistic,100,200,0.0001,-0.1509599643614837,945,-0.1495582052809919
"(11,)",logistic,100,400,0.0001,-0.14639170387963052,379,-0.14566844284302166
"(11,)",logistic,100,800,0.0001,-0.1465861836300505,422,-0.14558794314717677
"(13,)",logistic,100,200,0.0001,-0.15073998419996498,916,-0.1491143927533777
"(13,)",logistic,100,400,0.0001,-0.14661576952955682,433,-0.1462575877270757
"(13,)",logistic,100,800,0.0001,-0.14572823348804362,273,-0.14491303311367174
"(15,)",logistic,100,200,0.0001,-0.15105435542577852,966,-0.14982014981778619
"(15,)",logistic,100,400,0.0001,-0.14767425090792877,592,-0.14660411967273265
"(15,)",logistic,100,800,0.0001,-0.1464987304648066,394,-0.1456398619762282
"(17,)",logistic,100,200,0.0001,-0.14875311074839387,659,-0.1490869973599375
"(17,)",logistic,100,400,0.0001,-0.14777899656842045,601,-0.14620233264776733
"(17,)",logistic,100,800,0.0001,-0.14635273930973564,375,-0.1456669595354015
"(19,)",logistic,100,200,0.0001,-0.1503439837140624,871,-0.14945531978531731
"(19,)",logistic,100,400,0.0001,-0.14746566401613956,570,-0.1463915224216749
"(19,)",logistic,100,800,0.0001,-0.1463905139572313,378,-0.14576958809645402
"(21,)",logistic,100,200,0.0001,-0.14928465674088492,715,-0.14924718543544285
"(21,)",logistic,100,400,0.0001,-0.1474648050158797,569,-0.14604334949630998
"(21,)",logistic,100,800,0.0001,-0.14669382380199641,451,-0.14598652339462376
"(1,)",logistic,200,200,0.0001,-0.2081159988975152,1110,-0.20812235208854135
"(1,)",logistic,200,400,0.0001,-0.19416532205952178,1076,-0.19481565886447444
"(1,)",logistic,200,800,0.0001,-0.1525018707803442,998,-0.15090939867505795
"(3,)",logistic,200,200,0.0001,-0.20796383697217152,1108,-0.20713652748176647
"(3,)",logistic,200,400,0.0001,-0.15886561161888188,1032,-0.15794933811187528
"(3,)",logistic,200,800,0.0001,-0.14980464431615004,797,-0.14874930786879487
"(5,)",logistic,200,200,0.0001,-0.16703115983797423,1055,-0.1659840231553687
"(5,)",logistic,200,400,0.0001,-0.1511130147642019,971,-0.1506798393258903
"(5,)",logistic,200,800,0.0001,-0.14825148904294785,630,-0.14766363315014558
"(7,)",logistic,200,200,0.0001,-0.1865134823955455,1064,-0.18547742456922678
"(7,)",logistic,200,400,0.0001,-0.15226088162820417,996,-0.1518177222094832
"(7,)",logistic,200,800,0.0001,-0.14759175297326058,588,-0.14485822241611512
"(9,)",logistic,200,200,0.0001,-0.16550034229362165,1051,-0.16537005432868707
"(9,)",logistic,200,400,0.0001,-0.15074312429028552,917,-0.1502334059433931
"(9,)",logistic,200,800,0.0001,-0.14660719369114508,428,-0.1463108033865465
"(11,)",logistic,200,200,0.0001,-0.1537112036860623,1015,-0.15375155779492033
"(11,)",logistic,200,400,0.0001,-0.15034824448526402,873,-0.14979515733891285
"(11,)",logistic,200,800,0.0001,-0.14617682534936327,345,-0.1456416053392075
"(13,)",logistic,200,200,0.0001,-0.1532236181312049,1006,-0.15339645197672191
"(13,)",logistic,200,400,0.0001,-0.14863176330028577,648,-0.1478765703759155
"(13,)",logistic,200,800,0.0001,-0.14586425073315432,284,-0.14531849168386446
"(15,)",logistic,200,200,0.0001,-0.1535202472098825,1013,-0.15355305175266057
"(15,)",logistic,200,400,0.0001,-0.14967116927643784,778,-0.14808530064747213
"(15,)",logistic,200,800,0.0001,-0.14617451642798635,342,-0.14604341461033424
"(17,)",logistic,200,200,0.0001,-0.15144139219259875,984,-0.15239781664105978
"(17,)",logistic,200,400,0.0001,-0.14959227657276455,763,-0.14720871795090035
"(17,)",logistic,200,800,0.0001,-0.14775664447762268,600,-0.1454774811179369
"(19,)",logistic,200,200,0.0001,-0.15265734658076485,1000,-0.1521968853371149
"(19,)",logistic,200,400,0.0001,-0.14958029629942637,757,-0.14866991146501957
"(19,)",logistic,200,800,0.0001,-0.146609865597016,430,-0.14596177665344648
"(21,)",logistic,200,200,0.0001,-0.1532725022158829,1009,-0.15355549725571765
"(21,)",logistic,200,400,0.0001,-0.14949618609107035,745,-0.14837395527598113
"(21,)",logistic,200,800,0.0001,-0.14583930027296424,278,-0.14596037145516533
"(1,)",logistic,50,200,0.01,-0.15691164065998814,1028,-0.1563533720232308
"(1,)",logistic,50,400,0.01,-0.14959643901734182,764,-0.1489576473494289
"(1,)",logistic,50,800,0.01,-0.1488612986947539,673,-0.1468139201860784
"(3,)",logistic,50,200,0.01,-0.15102182288843513,960,-0.1502650075017593
"(3,)",logistic,50,400,0.01,-0.15046030306069394,888,-0.14838062153775952
"(3,)",logistic,50,800,0.01,-0.14682594687007003,484,-0.14385847557312448
"(5,)",logistic,50,200,0.01,-0.15075875874103004,922,-0.14961252218337903
"(5,)",logistic,50,400,0.01,-0.14716907673849183,541,-0.1462834653744567
"(5,)",logistic,50,800,0.01,-0.146598791166696,426,-0.14542500684994694
"(7,)",logistic,50,200,0.01,-0.1505260507628555,892,-0.14824554345020963
"(7,)",logistic,50,400,0.01,-0.14597010074040354,303,-0.1445915785008222
"(7,)",logistic,50,800,0.01,-0.14659725830415987,425,-0.14520960235601338
"(9,)",logistic,50,200,0.01,-0.14756236890031635,582,-0.1464140100942834
"(9,)",logistic,50,400,0.01,-0.14598110489166125,305,-0.14531978841442733
"(9,)",logistic,50,800,0.01,-0.14595291312413522,298,-0.1457203962169405
"(11,)",logistic,50,200,0.01,-0.14694612574448648,500,-0.14598386713537378
"(11,)",logistic,50,400,0.01,-0.14607071900158264,321,-0.14515681951410522
"(11,)",logistic,50,800,0.01,-0.14639858811415007,383,-0.14486100993326323
"(13,)",logistic,50,200,0.01,-0.14683913608138757,489,-0.14512926459344874
"(13,)",logistic,50,400,0.01,-0.1462906143230551,365,-0.14561413786724167
"(13,)",logistic,50,800,0.01,-0.14618515802095838,347,-0.14531664450252477
"(15,)",logistic,50,200,0.01,-0.14737477235007954,562,-0.14639144069592558
"(15,)",logistic,50,400,0.01,-0.14609775659099206,329,-0.14545392123965942
"(15,)",logistic,50,800,0.01,-0.14585843060668377,281,-0.14545390770097527
"(17,)",logistic,50,200,0.01,-0.14653823511112662,414,-0.14561358663912843
"(17,)",logistic,50,400,0.01,-0.14652515224594995,407,-0.14556138506764213
"(17,)",logistic,50,800,0.01,-0.1449686629977524,155,-0.14539856393722098
"(19,)",logistic,50,200,0.01,-0.14727175539638754,550,-0.14623185692518367
"(19,)",logistic,50,400,0.01,-0.14619961021046304,352,-0.14553450200062665
"(19,)",logistic,50,800,0.01,-0.1460829085888323,326,-0.14561477992164565
"(21,)",logistic,50,200,0.01,-0.1465291848297367,411,-0.1462585146920964
"(21,)",logistic,50,400,0.01,-0.14672062523284723,460,-0.14572247987299983
"(21,)",logistic,50,800,0.01,-0.14682046246338135,481,-0.14521077273110217
"(1,)",logistic,100,200,0.01,-0.20675765369224633,1100,-0.2060050611596179
"(1,)",logistic,100,400,0.01,-0.15319769290782512,1005,-0.1531509785240867
"(1,)",logistic,100,800,0.01,-0.1504212789875583,876,-0.14830141537194477
"(3,)",logistic,100,200,0.01,-0.16026619062700972,1038,-0.16144622169901676
"(3,)",logistic,100,400,0.01,-0.15061706273957767,904,-0.1499516483682529
"(3,)",logistic,100,800,0.01,-0.14814676557011977,626,-0.14504709439503416
"(5,)",logistic,100,200,0.01,-0.1507025733390024,913,-0.1516331266783832
"(5,)",logistic,100,400,0.01,-0.1506585609361763,911,-0.148615869124261
"(5,)",logistic,100,800,0.01,-0.1473539341558036,554,-0.14588101477271867
"(7,)",logistic,100,200,0.01,-0.15421060905718612,1021,-0.15335527289404702
"(7,)",logistic,100,400,0.01,-0.14791134079007512,614,-0.14604019353936035
"(7,)",logistic,100,800,0.01,-0.14670002523261105,454,-0.1449962215652576
"(9,)",logistic,100,200,0.01,-0.15104687733637054,963,-0.1511452051970449
"(9,)",logistic,100,400,0.01,-0.14705930724379962,519,-0.14566772800867622
"(9,)",logistic,100,800,0.01,-0.1461750076321323,344,-0.1457492175146355
"(11,)",logistic,100,200,0.01,-0.1509599643614837,945,-0.14976660283314028
"(11,)",logistic,100,400,0.01,-0.14620042943511685,353,-0.145534218322309
"(11,)",logistic,100,800,0.01,-0.14587906183101018,285,-0.1454813323819748
"(13,)",logistic,100,200,0.01,-0.15137748154373737,983,-0.14945495919814475
"(13,)",logistic,100,400,0.01,-0.14704205014482258,515,-0.14641781784139654
"(13,)",logistic,100,800,0.01,-0.1462572174042502,363,-0.14558623463961193
"(15,)",logistic,100,200,0.01,-0.15125733157995452,980,-0.1500815054949299
"(15,)",logistic,100,400,0.01,-0.1470606572298923,520,-0.14638909851469323
"(15,)",logistic,100,800,0.01,-0.14681614133453602,478,-0.14534583063533107
"(17,)",logistic,100,200,0.01,-0.14874524148169826,658,-0.14908754019760034
"(17,)",logistic,100,400,0.01,-0.14715284193964676,536,-0.14628309659616226
"(17,)",logistic,100,800,0.01,-0.14623425156425107,362,-0.14564002703849546
"(19,)",logistic,100,200,0.01,-0.15024582994751873,855,-0.14961294728931435
"(19,)",logistic,100,400,0.01,-0.14735829042500542,558,-0.1461234356938984
"(19,)",logistic,100,800,0.01,-0.1465318348259967,412,-0.1455875831972426
"(21,)",logistic,100,200,0.01,-0.15013262469388555,840,-0.1494560145451939
"(21,)",logistic,100,400,0.01,-0.14620206494198074,355,-0.1458818358243659
"(21,)",logistic,100,800,0.01,-0.1454309822243758,240,-0.14563746719196813
"(1,)",logistic,200,200,0.01,-0.2081159988975152,1110,-0.20812235208854135
"(1,)",logistic,200,400,0.01,-0.1940821023746689,1073,-0.19467770128814088
"(1,)",logistic,200,800,0.01,-0.15280631613699885,1004,-0.15057310084436276
"(3,)",logistic,200,200,0.01,-0.20796383697217152,1108,-0.20740427457139815
"(3,)",logistic,200,400,0.01,-0.15925021987620389,1034,-0.15841732205501963
"(3,)",logistic,200,800,0.01,-0.1497934071856289,796,-0.14880198992517893
"(5,)",logistic,200,200,0.01,-0.1676818433983883,1056,-0.16621880293597463
"(5,)",logistic,200,400,0.01,-0.1511130147642019,971,-0.15096325919912434
"(5,)",logistic,200,800,0.01,-0.14938027798818554,722,-0.1473443748516816
"(7,)",logistic,200,200,0.01,-0.18740115481317748,1066,-0.18678973165245344
"(7,)",logistic,200,400,0.01,-0.1526753661349044,1001,-0.1520479188315947
"(7,)",logistic,200,800,0.01,-0.14705357768362615,516,-0.14482970563421155
"(9,)",logistic,200,200,0.01,-0.16615903962110243,1052,-0.16579231127494923
"(9,)",logistic,200,400,0.01,-0.15053913558837423,895,-0.15007776089397884
"(9,)",logistic,200,800,0.01,-0.14650953372547243,402,-0.14534454097612623
"(11,)",logistic,200,200,0.01,-0.15381017975544986,1017,-0.15367480535977668
"(11,)",logistic,200,400,0.01,-0.15024581147958632,854,-0.1497956555833793
"(11,)",logistic,200,800,0.01,-0.14574491933927103,274,-0.145696439337352
"(13,)",logistic,200,200,0.01,-0.1532236181312049,1006,-0.15362652468970966
"(13,)",logistic,200,400,0.01,-0.14905586505596508,689,-0.14830017442899962
"(13,)",logistic,200,800,0.01,-0.14596589189431078,301,-0.14520954693673774
"(15,)",logistic,200,200,0.01,-0.15342064470029532,1011,-0.15350084516033882
"(15,)",logistic,200,400,0.01,-0.14998240034607307,817,-0.14824538282889263
"(15,)",logistic,200,800,0.01,-0.146817245062662,480,-0.14623110461934127
"(17,)",logistic,200,200,0.01,-0.15154502067960446,991,-0.15236949316408852
"(17,)",logistic,200,400,0.01,-0.14939041207353793,723,-0.14808311167424518
"(17,)",logistic,200,800,0.01,-0.1477873654664217,602,-0.1459351076515296
"(19,)",logistic,200,200,0.01,-0.15276593983475167,1003,-0.15229979494054569
"(19,)",logistic,200,400,0.01,-0.15054240876882014,896,-0.14895970302873926
"(19,)",logistic,200,800,0.01,-0.14778789025534117,603,-0.14566888355491492
"(21,)",logistic,200,200,0.01,-0.15370806577532678,1014,-0.1537309794608705
"(21,)",logistic,200,400,0.01,-0.14957163179860022,751,-0.14874258814355099
"(21,)",logistic,200,800,0.01,-0.14582152101114745,277,-0.1462556953008454
"(1,)",logistic,50,200,1,-0.2081159988975152,1110,-0.20812235208854135
"(1,)",logistic,50,400,1,-0.2081159988975152,1110,-0.20812235208854135
"(1,)",logistic,50,800,1,-0.2081159988975152,1110,-0.20812235208854135
"(3,)",logistic,50,200,1,-0.2081159988975152,1110,-0.20812235208854135
"(3,)",logistic,50,400,1,-0.2081159988975152,1110,-0.20812235208854135
"(3,)",logistic,50,800,1,-0.2081159988975152,1110,-0.20812235208854135
"(5,)",logistic,50,200,1,-0.2081159988975152,1110,-0.20812235208854135
"(5,)",logistic,50,400,1,-0.2081159988975152,1110,-0.20812235208854135
"(5,)",logistic,50,800,1,-0.2081159988975152,1110,-0.20812235208854135
"(7,)",logistic,50,200,1,-0.2081159988975152,1110,-0.20812235208854135
"(7,)",logistic,50,400,1,-0.2081159988975152,1110,-0.20812235208854135
"(7,)",logistic,50,800,1,-0.2081159988975152,1110,-0.20812235208854135
"(9,)",logistic,50,200,1,-0.2081159988975152,1110,-0.20812235208854135
"(9,)",logistic,50,400,1,-0.2081159988975152,1110,-0.20812235208854135
"(9,)",logistic,50,800,1,-0.2081159988975152,1110,-0.20812235208854135
"(11,)",logistic,50,200,1,-0.2081159988975152,1110,-0.20812235208854135
"(11,)",logistic,50,400,1,-0.2081159988975152,1110,-0.20812235208854135
"(11,)",logistic,50,800,1,-0.2081159988975152,1110,-0.20812235208854135
"(13,)",logistic,50,200,1,-0.2081159988975152,1110,-0.20812235208854135
"(13,)",logistic,50,400,1,-0.2081159988975152,1110,-0.20812235208854135
"(13,)",logistic,50,800,1,-0.2081159988975152,1110,-0.20812235208854135
"(15,)",logistic,50,200,1,-0.2081159988975152,1110,-0.20812235208854135
"(15,)",logistic,50,400,1,-0.2081159988975152,1110,-0.20812235208854135
"(15,)",logistic,50,800,1,-0.2081159988975152,1110,-0.20812235208854135
"(17,)",logistic,50,200,1,-0.2081159988975152,1110,-0.20812235208854135
"(17,)",logistic,50,400,1,-0.2081159988975152,1110,-0.20812235208854135
"(17,)",logistic,50,800,1,-0.2081159988975152,1110,-0.20812235208854135
"(19,)",logistic,50,200,1,-0.2081159988975152,1110,-0.20812235208854135
"(19,)",logistic,50,400,1,-0.2081159988975152,1110,-0.20812235208854135
"(19,)",logistic,50,800,1,-0.2081159988975152,1110,-0.20812235208854135
"(21,)",logistic,50,200,1,-0.2081159988975152,1110,-0.20812235208854135
"(21,)",logistic,50,400,1,-0.2081159988975152,1110,-0.20812235208854135
"(21,)",logistic,50,800,1,-0.2081159988975152,1110,-0.20812235208854135
"(1,)",logistic,100,200,1,-0.2081159988975152,1110,-0.20812235208854135
"(1,)",logistic,100,400,1,-0.2081159988975152,1110,-0.20812235208854135
"(1,)",logistic,100,800,1,-0.2081159988975152,1110,-0.20812235208854135
"(3,)",logistic,100,200,1,-0.2081159988975152,1110,-0.20812235208854135
"(3,)",logistic,100,400,1,-0.2081159988975152,1110,-0.20812235208854135
"(3,)",logistic,100,800,1,-0.2081159988975152,1110,-0.20812235208854135
"(5,)",logistic,100,200,1,-0.2081159988975152,1110,-0.20812235208854135
"(5,)",logistic,100,400,1,-0.2081159988975152,1110,-0.20812235208854135
"(5,)",logistic,100,800,1,-0.2081159988975152,1110,-0.20812235208854135
"(7,)",logistic,100,200,1,-0.2081159988975152,1110,-0.20812235208854135
"(7,)",logistic,100,400,1,-0.2081159988975152,1110,-0.20812235208854135
"(7,)",logistic,100,800,1,-0.2081159988975152,1110,-0.20812235208854135
"(9,)",logistic,100,200,1,-0.2081159988975152,1110,-0.20814117583311925
"(9,)",logistic,100,400,1,-0.2081159988975152,1110,-0.20814117583311925
"(9,)",logistic,100,800,1,-0.2081159988975152,1110,-0.20814117583311925
"(11,)",logistic,100,200,1,-0.19888694830284268,1080,-0.19909049929936196
"(11,)",logistic,100,400,1,-0.2013746153778245,1085,-0.2026587613161998
"(11,)",logistic,100,800,1,-0.2013746153778245,1085,-0.2026587613161998
"(13,)",logistic,100,200,1,-0.20515743914350945,1097,-0.20554686481587478
"(13,)",logistic,100,400,1,-0.20566233059025327,1098,-0.20454820924399336
"(13,)",logistic,100,800,1,-0.20566233059025327,1098,-0.20454820924399336
"(15,)",logistic,100,200,1,-0.20475712805002053,1096,-0.2048878798792022
"(15,)",logistic,100,400,1,-0.20682188758289305,1101,-0.20581262405645512
"(15,)",logistic,100,800,1,-0.20682188758289305,1101,-0.20581262405645512
"(17,)",logistic,100,200,1,-0.20223785725373716,1088,-0.20224102967078067
"(17,)",logistic,100,400,1,-0.20223785725373716,1088,-0.20216595544589083
"(17,)",logistic,100,800,1,-0.20223785725373716,1088,-0.20216595544589083
"(19,)",logistic,100,200,1,-0.19379969787976611,1072,-0.19510663218577529
"(19,)",logistic,100,400,1,-0.20688915502628918,1104,-0.20704695967446946
"(19,)",logistic,100,800,1,-0.20688915502628918,1104,-0.20704695967446946
"(21,)",logistic,100,200,1,-0.2016253867053166,1087,-0.20124440302893265
"(21,)",logistic,100,400,1,-0.20448238119212045,1094,-0.20586843278520872
"(21,)",logistic,100,800,1,-0.20448238119212045,1094,-0.20586843278520872
"(1,)",logistic,200,200,1,-0.2081159988975152,1110,-0.20812235208854135
"(1,)",logistic,200,400,1,-0.2081159988975152,1110,-0.20812235208854135
"(1,)",logistic,200,800,1,-0.2081159988975152,1110,-0.20812235208854135
"(3,)",logistic,200,200,1,-0.2081159988975152,1110,-0.20812235208854135
"(3,)",logistic,200,400,1,-0.2081159988975152,1110,-0.20812235208854135
"(3,)",logistic,200,800,1,-0.2081159988975152,1110,-0.20812235208854135
"(5,)",logistic,200,200,1,-0.2081159988975152,1110,-0.20812235208854135
"(5,)",logistic,200,400,1,-0.2081159988975152,1110,-0.20814117583311925
"(5,)",logistic,200,800,1,-0.2081159988975152,1110,-0.20814117583311925
"(7,)",logistic,200,200,1,-0.2081159988975152,1110,-0.20812235208854135
"(7,)",logistic,200,400,1,-0.2081159988975152,1110,-0.20812235208854135
"(7,)",logistic,200,800,1,-0.2081159988975152,1110,-0.20812235208854135
"(9,)",logistic,200,200,1,-0.2081159988975152,1110,-0.2081035198090518
"(9,)",logistic,200,400,1,-0.2072737563598152,1106,-0.20688932934158283
"(9,)",logistic,200,800,1,-0.2072737563598152,1106,-0.20688932934158283
"(11,)",logistic,200,200,1,-0.18477770494674212,1063,-0.18352551324693492
"(11,)",logistic,200,400,1,-0.19410088729004926,1074,-0.19375713822937632
"(11,)",logistic,200,800,1,-0.19410088729004926,1074,-0.19375713822937632
"(13,)",logistic,200,200,1,-0.20124562977766952,1082,-0.20346717740142645
"(13,)",logistic,200,400,1,-0.20124562977766952,1082,-0.20352367425151502
"(13,)",logistic,200,800,1,-0.20124562977766952,1082,-0.20352367425151502
"(15,)",logistic,200,200,1,-0.19516391591765703,1077,-0.1959735226995254
"(15,)",logistic,200,400,1,-0.18747615080577376,1067,-0.18851338043700627
"(15,)",logistic,200,800,1,-0.18747615080577376,1067,-0.18851338043700627
"(17,)",logistic,200,200,1,-0.17646259626443658,1057,-0.17633546045959486
"(17,)",logistic,200,400,1,-0.18894689329181222,1069,-0.19069960028089813
"(17,)",logistic,200,800,1,-0.18894689329181222,1069,-0.19069960028089813
"(19,)",logistic,200,200,1,-0.18950336170097062,1071,-0.19002978207679622
"(19,)",logistic,200,400,1,-0.19653542554742348,1078,-0.19694778809586305
"(19,)",logistic,200,800,1,-0.19653542554742348,1078,-0.19694778809586305
"(21,)",logistic,200,200,1,-0.20040665551194348,1081,-0.201419244289196
"(21,)",logistic,200,400,1,-0.20297858216441056,1091,-0.20250214875935302
"(21,)",logistic,200,800,1,-0.20297858216441056,1091,-0.20250214875935302
"(1,)",tanh,50,200,0.0001,-0.14519875257159973,199,-0.1436880347623312
"(1,)",tanh,50,400,0.0001,-0.1449923712000015,159,-0.143151321563243
"(1,)",tanh,50,800,0.0001,-0.14455321440439803,92,-0.142904646199907
"(3,)",tanh,50,200,0.0001,-0.14676948401602968,469,-0.14614594118522836
"(3,)",tanh,50,400,0.0001,-0.14748560715682946,572,-0.1451813603288902
"(3,)",tanh,50,800,0.0001,-0.1477318846628936,599,-0.14477898849363235
"(5,)",tanh,50,200,0.0001,-0.14810158706146015,622,-0.14566734302086223
"(5,)",tanh,50,400,0.0001,-0.14703401688115308,514,-0.14458803255751002
"(5,)",tanh,50,800,0.0001,-0.14766469511002955,590,-0.14380100307701973
"(7,)",tanh,50,200,0.0001,-0.1467241336139717,461,-0.1452384177507048
"(7,)",tanh,50,400,0.0001,-0.14501226011637472,168,-0.14402088649077188
"(7,)",tanh,50,800,0.0001,-0.14470037816080977,114,-0.1430409881391047
"(9,)",tanh,50,200,0.0001,-0.14505295853426217,173,-0.1447157425586321
"(9,)",tanh,50,400,0.0001,-0.14494350041584497,151,-0.14240740382601724
"(9,)",tanh,50,800,0.0001,-0.14475897954050573,128,-0.1416067126472606
"(11,)",tanh,50,200,0.0001,-0.14614862649553334,336,-0.14582619123222534
"(11,)",tanh,50,400,0.0001,-0.1444167140769444,72,-0.14376894422954495
"(11,)",tanh,50,800,0.0001,-0.1458587564384905,282,-0.14335954970593862
"(13,)",tanh,50,200,0.0001,-0.14572521694763557,272,-0.14496460259677751
"(13,)",tanh,50,400,0.0001,-0.1444044362869137,69,-0.14363567701345026
"(13,)",tanh,50,800,0.0001,-0.1460632251677898,318,-0.1420735744868857
"(15,)",tanh,50,200,0.0001,-0.14412491959021678,39,-0.14477094894432269
"(15,)",tanh,50,400,0.0001,-0.1451533322057505,190,-0.14428103104234077
"(15,)",tanh,50,800,0.0001,-0.1464946857577163,393,-0.1439324141152179
"(17,)",tanh,50,200,0.0001,-0.14523917842817333,206,-0.1443404079189683
"(17,)",tanh,50,400,0.0001,-0.14386439818166935,19,-0.1439566368290884
"(17,)",tanh,50,800,0.0001,-0.14484343335823444,137,-0.14170502924934553
"(19,)",tanh,50,200,0.0001,-0.14500661007858123,164,-0.14404401801718453
"(19,)",tanh,50,400,0.0001,-0.14509713841803268,182,-0.14404658753885832
"(19,)",tanh,50,800,0.0001,-0.14559931422739447,261,-0.14260376355468804
"(21,)",tanh,50,200,0.0001,-0.14456229036838103,96,-0.14455717905688117
"(21,)",tanh,50,400,0.0001,-0.14442670867555676,73,-0.14347377190459093
"(21,)",tanh,50,800,0.0001,-0.14410335568800722,36,-0.14363736936727575
"(1,)",tanh,100,200,0.0001,-0.14849802517872787,642,-0.14802817074917352
"(1,)",tanh,100,400,0.0001,-0.14509086827938988,180,-0.14393828659164795
"(1,)",tanh,100,800,0.0001,-0.14509275783594772,181,-0.1433149783204572
"(3,)",tanh,100,200,0.0001,-0.1486396067369292,649,-0.1473364378368203
"(3,)",tanh,100,400,0.0001,-0.14711221563814209,525,-0.1455311291264253
"(3,)",tanh,100,800,0.0001,-0.14655695326277024,417,-0.14515563992293082
"(5,)",tanh,100,200,0.0001,-0.14984727217655064,803,-0.1482159675674176
"(5,)",tanh,100,400,0.0001,-0.14829994908698485,631,-0.14515693348236272
"(5,)",tanh,100,800,0.0001,-0.14630242027552867,370,-0.1443717809974973
"(7,)",tanh,100,200,0.0001,-0.14652783272634393,409,-0.14553457777330417
"(7,)",tanh,100,400,0.0001,-0.1466179638948124,435,-0.1450206891939703
"(7,)",tanh,100,800,0.0001,-0.14523467331224074,205,-0.1442391891535575
"(9,)",tanh,100,200,0.0001,-0.14683054074050408,485,-0.14542518470370094
"(9,)",tanh,100,400,0.0001,-0.14491223339102377,149,-0.14355249329019748
"(9,)",tanh,100,800,0.0001,-0.14379803426119758,18,-0.14284396416014938
"(11,)",tanh,100,200,0.0001,-0.14656723561629795,419,-0.1462838385822048
"(11,)",tanh,100,400,0.0001,-0.14470190473514472,115,-0.14553034828887673
"(11,)",tanh,100,800,0.0001,-0.14532049605811756,223,-0.14379452488725158
"(13,)",tanh,100,200,0.0001,-0.1474629933776334,567,-0.14620115501069444
"(13,)",tanh,100,400,0.0001,-0.14540432743130996,235,-0.14461416735052937
"(13,)",tanh,100,800,0.0001,-0.14434673764691958,62,-0.14349844278795296
"(15,)",tanh,100,200,0.0001,-0.14693933702078638,499,-0.1459615191818901
"(15,)",tanh,100,400,0.0001,-0.14420322452114748,43,-0.14469151196458968
"(15,)",tanh,100,800,0.0001,-0.14497599589972926,156,-0.1444686177702107
"(17,)",tanh,100,200,0.0001,-0.14683451244046727,488,-0.14509679852983093
"(17,)",tanh,100,400,0.0001,-0.145008439769366,166,-0.14428665762974324
"(17,)",tanh,100,800,0.0001,-0.14548958627306405,248,-0.1426234870748872
"(19,)",tanh,100,200,0.0001,-0.14433560472763635,61,-0.14499348402641438
"(19,)",tanh,100,400,0.0001,-0.14422850173744833,49,-0.14395576566168192
"(19,)",tanh,100,800,0.0001,-0.1440896615886605,35,-0.1430855599899283
"(21,)",tanh,100,200,0.0001,-0.14550329640684576,250,-0.14541934776625878
"(21,)",tanh,100,400,0.0001,-0.14398143054338625,32,-0.14447515916554726
"(21,)",tanh,100,800,0.0001,-0.14387385456137014,20,-0.1436636532928701
"(1,)",tanh,200,200,0.0001,-0.15734722500412987,1029,-0.15630793684156255
"(1,)",tanh,200,400,0.0001,-0.147199855092931,542,-0.14664929196441107
"(1,)",tanh,200,800,0.0001,-0.14475396360870302,127,-0.14431859972066735
"(3,)",tanh,200,200,0.0001,-0.15599897248652733,1024,-0.1552997816154994
"(3,)",tanh,200,400,0.0001,-0.14736242717336426,559,-0.1468397660623879
"(3,)",tanh,200,800,0.0001,-0.1474153641730251,565,-0.14550272348769627
"(5,)",tanh,200,200,0.0001,-0.15255676628792403,999,-0.15131723713648448
"(5,)",tanh,200,400,0.0001,-0.15032581564729974,862,-0.14776328007388964
"(5,)",tanh,200,800,0.0001,-0.14755132957751377,580,-0.14507442745248703
"(7,)",tanh,200,200,0.0001,-0.14993072552147396,814,-0.14893030292131376
"(7,)",tanh,200,400,0.0001,-0.14691710501750943,495,-0.1447527166039274
"(7,)",tanh,200,800,0.0001,-0.1465262792850965,408,-0.14474939894945288
"(9,)",tanh,200,200,0.0001,-0.15041254113814612,874,-0.1497102101274878
"(9,)",tanh,200,400,0.0001,-0.14669337570372298,450,-0.14542154482586772
"(9,)",tanh,200,800,0.0001,-0.14603664190702742,314,-0.14477150971981934
"(11,)",tanh,200,200,0.0001,-0.14895556901758983,680,-0.1488529764920979
"(11,)",tanh,200,400,0.0001,-0.14591565436936443,293,-0.14609622509472145
"(11,)",tanh,200,800,0.0001,-0.1454922993256225,249,-0.14547300387940548
"(13,)",tanh,200,200,0.0001,-0.1481286828751322,623,-0.14761427169897018
"(13,)",tanh,200,400,0.0001,-0.14734106101473152,553,-0.14649332052743358
"(13,)",tanh,200,800,0.0001,-0.14639797034668522,380,-0.14486161527569558
"(15,)",tanh,200,200,0.0001,-0.14813261444155068,624,-0.14832877263801553
"(15,)",tanh,200,400,0.0001,-0.14724058850508764,547,-0.14593184250727428
"(15,)",tanh,200,800,0.0001,-0.14432438104400866,59,-0.14490516756478583
"(17,)",tanh,200,200,0.0001,-0.14705920728521846,517,-0.1464714105481139
"(17,)",tanh,200,400,0.0001,-0.14669322739375415,449,-0.14593649749534637
"(17,)",tanh,200,800,0.0001,-0.14500821230568237,165,-0.14412399513305102
"(19,)",tanh,200,200,0.0001,-0.14642716534976094,389,-0.1461506779114327
"(19,)",tanh,200,400,0.0001,-0.1458466822626781,279,-0.14493737244587604
"(19,)",tanh,200,800,0.0001,-0.14426192816721337,54,-0.14464008295089004
"(21,)",tanh,200,200,0.0001,-0.14681369327619725,477,-0.14630702101884538
"(21,)",tanh,200,400,0.0001,-0.1463426363825657,373,-0.14528976232785515
"(21,)",tanh,200,800,0.0001,-0.145167611850731,191,-0.14480070147785415
"(1,)",tanh,50,200,0.01,-0.14518986128502742,197,-0.1438522333163718
"(1,)",tanh,50,400,0.01,-0.14488691489790478,144,-0.14309654572020772
"(1,)",tanh,50,800,0.01,-0.14488691489790478,144,-0.14301439966243584
"(3,)",tanh,50,200,0.01,-0.14687662957984873,494,-0.14588002721283427
"(3,)",tanh,50,400,0.01,-0.14716425633875824,539,-0.1452894859961418
"(3,)",tanh,50,800,0.01,-0.14715908980411765,537,-0.14507505721742076
"(5,)",tanh,50,200,0.01,-0.14820742067057924,627,-0.14590860505188735
"(5,)",tanh,50,400,0.01,-0.14650403562884456,399,-0.14450597816196903
"(5,)",tanh,50,800,0.01,-0.14716592842789725,540,-0.14483248574101099
"(7,)",tanh,50,200,0.01,-0.14682347181718053,483,-0.14547973342435233
"(7,)",tanh,50,400,0.01,-0.14511462197758568,187,-0.14442672155714958
"(7,)",tanh,50,800,0.01,-0.14467523105513147,112,-0.14396773804210036
"(9,)",tanh,50,200,0.01,-0.14527321874475996,210,-0.14495948322021437
"(9,)",tanh,50,400,0.01,-0.14474331785561723,122,-0.14281606123306134
"(9,)",tanh,50,800,0.01,-0.14421476756274867,45,-0.14253769527026514
"(11,)",tanh,50,200,0.01,-0.14639839548121641,381,-0.14617384185243548
"(11,)",tanh,50,400,0.01,-0.1444032500634463,68,-0.1440430751379337
"(11,)",tanh,50,800,0.01,-0.14603352652192947,313,-0.14319836445979603
"(13,)",tanh,50,200,0.01,-0.14646142893585995,391,-0.14493841451557607
"(13,)",tanh,50,400,0.01,-0.1452854428863839,213,-0.14381991535707922
"(13,)",tanh,50,800,0.01,-0.14590527646819154,289,-0.14349702360079145
"(15,)",tanh,50,200,0.01,-0.14454214861724246,86,-0.14455775258462938
"(15,)",tanh,50,400,0.01,-0.1447464305643191,123,-0.1445783769518216
"(15,)",tanh,50,800,0.01,-0.1447464305643191,123,-0.1445783769518216
"(17,)",tanh,50,200,0.01,-0.14501190082624046,167,-0.14401713372635333
"(17,)",tanh,50,400,0.01,-0.14420281549583883,42,-0.14352676618096166
"(17,)",tanh,50,800,0.01,-0.1445993810138966,99,-0.14300688175931708
"(19,)",tanh,50,200,0.01,-0.14511332191562964,186,-0.14434003578337068
"(19,)",tanh,50,400,0.01,-0.14452314713255743,85,-0.14398922740853673
"(19,)",tanh,50,800,0.01,-0.14420677897439244,44,-0.14382636205014707
"(21,)",tanh,50,200,0.01,-0.14423509209828617,50,-0.14493398173466265
"(21,)",tanh,50,400,0.01,-0.1444449383357682,78,-0.1438498399235162
"(21,)",tanh,50,800,0.01,-0.1444449383357682,78,-0.1438498399235162
"(1,)",tanh,100,200,0.01,-0.1486091639518849,646,-0.1481072629504786
"(1,)",tanh,100,400,0.01,-0.14497603922080113,157,-0.14374955262591035
"(1,)",tanh,100,800,0.01,-0.1448743628107956,142,-0.1433152625309292
"(3,)",tanh,100,200,0.01,-0.1491714863235906,706,-0.14712714070321015
"(3,)",tanh,100,400,0.01,-0.14677879410942757,470,-0.1452349485218852
"(3,)",tanh,100,800,0.01,-0.14698070518303769,504,-0.1451008968694004
"(5,)",tanh,100,200,0.01,-0.1499455224429813,815,-0.1480852897041533
"(5,)",tanh,100,400,0.01,-0.14798798601075192,615,-0.14531796344645548
"(5,)",tanh,100,800,0.01,-0.14671115641975602,457,-0.14417833665709975
"(7,)",tanh,100,200,0.01,-0.14652783272634393,409,-0.14553471510442748
"(7,)",tanh,100,400,0.01,-0.14695191034425636,501,-0.1450720723591032
"(7,)",tanh,100,800,0.01,-0.14489883848920584,147,-0.14418277510685695
"(9,)",tanh,100,200,0.01,-0.14683054074050408,485,-0.14547971005941696
"(9,)",tanh,100,400,0.01,-0.14512469012611237,188,-0.14363500572856838
"(9,)",tanh,100,800,0.01,-0.14516841046408907,194,-0.14320309639144593
"(11,)",tanh,100,200,0.01,-0.14667421753675877,446,-0.14639112283852543
"(11,)",tanh,100,400,0.01,-0.14459947172946705,100,-0.14553091414785582
"(11,)",tanh,100,800,0.01,-0.14533099685784565,225,-0.1437685619450679
"(13,)",tanh,100,200,0.01,-0.1479981967676363,617,-0.1460406734827197
"(13,)",tanh,100,400,0.01,-0.14529772689693218,218,-0.14447828641622154
"(13,)",tanh,100,800,0.01,-0.1450291105471275,172,-0.14322682487078536
"(15,)",tanh,100,200,0.01,-0.14714847602866454,534,-0.14601554950235823
"(15,)",tanh,100,400,0.01,-0.14487687176245373,143,-0.1447732074437857
"(15,)",tanh,100,800,0.01,-0.14472605246749698,118,-0.14473999780227387
"(17,)",tanh,100,200,0.01,-0.14672425169086084,462,-0.14506990211613166
"(17,)",tanh,100,400,0.01,-0.14436063067063626,65,-0.144638243349514
"(17,)",tanh,100,800,0.01,-0.14528050384287666,211,-0.1430637467646449
"(19,)",tanh,100,200,0.01,-0.14444338756721642,77,-0.14499386948477422
"(19,)",tanh,100,400,0.01,-0.14433471673265055,60,-0.14390434567909538
"(19,)",tanh,100,800,0.01,-0.1446550537707314,107,-0.14336068775104588
"(21,)",tanh,100,200,0.01,-0.1450788648162835,177,-0.14525732216226928
"(21,)",tanh,100,400,0.01,-0.14479143538277586,133,-0.14434035909036794
"(21,)",tanh,100,800,0.01,-0.14479045993513748,132,-0.14379447562646766
"(1,)",tanh,200,200,0.01,-0.15734722500412987,1029,-0.15628303395630716
"(1,)",tanh,200,400,0.01,-0.14668767287582593,448,-0.14659512372091993
"(1,)",tanh,200,800,0.01,-0.14507708211906636,175,-0.14437268698552344
"(3,)",tanh,200,200,0.01,-0.15590324243598555,1023,-0.15522618033702482
"(3,)",tanh,200,400,0.01,-0.14756469545416143,584,-0.14660024015521111
"(3,)",tanh,200,800,0.01,-0.14730837387045254,552,-0.1454765481474922
"(5,)",tanh,200,200,0.01,-0.15276012716263437,1002,-0.15126553072475718
"(5,)",tanh,200,400,0.01,-0.15032369885550834,860,-0.1477892962361281
"(5,)",tanh,200,800,0.01,-0.14799162667600915,616,-0.14515576536577526
"(7,)",tanh,200,200,0.01,-0.1499289537670706,813,-0.14895679691794964
"(7,)",tanh,200,400,0.01,-0.14702293862662852,510,-0.14488894369591326
"(7,)",tanh,200,800,0.01,-0.14642384627941887,388,-0.14474619867862476
"(9,)",tanh,200,200,0.01,-0.15041254113814612,874,-0.14970947436696935
"(9,)",tanh,200,400,0.01,-0.14680115854330303,473,-0.1454491760129982
"(9,)",tanh,200,800,0.01,-0.1466520604598349,444,-0.1449619328694059
"(11,)",tanh,200,200,0.01,-0.14895556901758983,680,-0.14887976102950412
"(11,)",tanh,200,400,0.01,-0.1460234372089445,312,-0.14620295063502384
"(11,)",tanh,200,800,0.01,-0.14528323754515496,212,-0.14544682944979298
"(13,)",tanh,200,200,0.01,-0.14780532988758266,607,-0.14769346120950097
"(13,)",tanh,200,400,0.01,-0.14703017188227616,513,-0.14627976345100357
"(13,)",tanh,200,800,0.01,-0.14629387045173844,367,-0.1451296259577624
"(15,)",tanh,200,200,0.01,-0.1472934113652471,551,-0.14838152612062566
"(15,)",tanh,200,400,0.01,-0.14693027804034894,497,-0.14590428649009
"(15,)",tanh,200,800,0.01,-0.14431556081627384,58,-0.14482765756501598
"(17,)",tanh,200,200,0.01,-0.14705920728521846,517,-0.14649804806134142
"(17,)",tanh,200,400,0.01,-0.14670441148660227,456,-0.1455868963348139
"(17,)",tanh,200,800,0.01,-0.14597728659932804,304,-0.14393451389645476
"(19,)",tanh,200,200,0.01,-0.14653786742326122,413,-0.1461500578229893
"(19,)",tanh,200,400,0.01,-0.14542703119273095,238,-0.14510002261615007
"(19,)",tanh,200,800,0.01,-0.14543639983578932,242,-0.1447512328283827
"(21,)",tanh,200,200,0.01,-0.14681290943290418,476,-0.14606732253466354
"(21,)",tanh,200,400,0.01,-0.14655922007136174,418,-0.1452092073592448
"(21,)",tanh,200,800,0.01,-0.14529114423935846,216,-0.14472118280827267
"(1,)",tanh,50,200,1,-0.14891420072931413,678,-0.1493729077659111
"(1,)",tanh,50,400,1,-0.1485083908968226,643,-0.14973991004701268
"(1,)",tanh,50,800,1,-0.1485083908968226,643,-0.14973991004701268
"(3,)",tanh,50,200,1,-0.1502914479774919,856,-0.14926949633389208
"(3,)",tanh,50,400,1,-0.15031753716054394,858,-0.14971581807323103
"(3,)",tanh,50,800,1,-0.15031753716054394,858,-0.14971581807323103
"(5,)",tanh,50,200,1,-0.14841614351957605,641,-0.14960890061774293
"(5,)",tanh,50,400,1,-0.14873952123258666,656,-0.14958507275493133
"(5,)",tanh,50,800,1,-0.14873952123258666,656,-0.14958507275493133
"(7,)",tanh,50,200,1,-0.14946923837097909,734,-0.14960830947886533
"(7,)",tanh,50,400,1,-0.14969009803732009,781,-0.14968691541543264
"(7,)",tanh,50,800,1,-0.1496895299358786,780,-0.1494257803981639
"(9,)",tanh,50,200,1,-0.1500267330810037,829,-0.14927200205657182
"(9,)",tanh,50,400,1,-0.1496566933809166,776,-0.14937730895028692
"(9,)",tanh,50,800,1,-0.1496566933809166,776,-0.14937730895028692
"(11,)",tanh,50,200,1,-0.14841165221091862,640,-0.14932308240323006
"(11,)",tanh,50,400,1,-0.14882851426980098,660,-0.1494798348788639
"(11,)",tanh,50,800,1,-0.14882851426980098,660,-0.14963759912057212
"(13,)",tanh,50,200,1,-0.1487176068501368,652,-0.14937593303963329
"(13,)",tanh,50,400,1,-0.1494853312748989,737,-0.1496620568645495
"(13,)",tanh,50,800,1,-0.1494853312748989,737,-0.1496620568645495
"(15,)",tanh,50,200,1,-0.14971421618771388,791,-0.14961220416335097
"(15,)",tanh,50,400,1,-0.14884768428874628,669,-0.1496365166422869
"(15,)",tanh,50,800,1,-0.14884768428874628,669,-0.1496365166422869
"(17,)",tanh,50,200,1,-0.14914609121493888,700,-0.1500785921380719
"(17,)",tanh,50,400,1,-0.14830584399280217,632,-0.14953258577501582
"(17,)",tanh,50,800,1,-0.14830584399280217,632,-0.14953258577501582
"(19,)",tanh,50,200,1,-0.14862730822444417,647,-0.14950555971938595
"(19,)",tanh,50,400,1,-0.14954029454421475,748,-0.14963496596187895
"(19,)",tanh,50,800,1,-0.14954029454421475,748,-0.14963496596187895
"(21,)",tanh,50,200,1,-0.14882905474165709,662,-0.1500015467784493
"(21,)",tanh,50,400,1,-0.14939512801191673,726,-0.14966248683930755
"(21,)",tanh,50,800,1,-0.14939512801191673,726,-0.14966248683930755
"(1,)",tanh,100,200,1,-0.15061810156325062,905,-0.15021108329240554
"(1,)",tanh,100,400,1,-0.14939402459563964,724,-0.1490637414515463
"(1,)",tanh,100,800,1,-0.14939402459563964,724,-0.1490637414515463
"(3,)",tanh,100,200,1,-0.15092727028265523,932,-0.1506541963329482
"(3,)",tanh,100,400,1,-0.15105993537508092,967,-0.14934916895904007
"(3,)",tanh,100,800,1,-0.15095750236940325,942,-0.14937598252697792
"(5,)",tanh,100,200,1,-0.15001422970335834,825,-0.1502600684124571
"(5,)",tanh,100,400,1,-0.15044151481687648,883,-0.14916635907369896
"(5,)",tanh,100,800,1,-0.15013122025654319,839,-0.14955786010280758
"(7,)",tanh,100,200,1,-0.149612829028069,769,-0.14924647003059544
"(7,)",tanh,100,400,1,-0.15095485237314324,939,-0.1493242635248218
"(7,)",tanh,100,800,1,-0.15002794605807426,830,-0.14955833658720158
"(9,)",tanh,100,200,1,-0.14856328984052866,645,-0.1482725295741841
"(9,)",tanh,100,400,1,-0.1500309082953135,833,-0.14824951667873865
"(9,)",tanh,100,800,1,-0.15055628905766438,901,-0.14871905558060008
"(11,)",tanh,100,200,1,-0.1490918948187625,695,-0.1482698767557487
"(11,)",tanh,100,400,1,-0.1505596142533708,903,-0.14864318644299823
"(11,)",tanh,100,800,1,-0.14919533507641855,707,-0.14861602856126593
"(13,)",tanh,100,200,1,-0.1504565098693938,887,-0.14919071323772018
"(13,)",tanh,100,400,1,-0.15086362997467262,929,-0.14877406309763216
"(13,)",tanh,100,800,1,-0.15075702944029484,921,-0.14900804716791993
"(15,)",tanh,100,200,1,-0.15044690322110832,884,-0.1492189400529078
"(15,)",tanh,100,400,1,-0.1502114852415289,846,-0.14880071928203464
"(15,)",tanh,100,800,1,-0.15032453033237178,861,-0.14882660215559904
"(17,)",tanh,100,200,1,-0.14940558417004923,732,-0.14903444693422147
"(17,)",tanh,100,400,1,-0.14990758113782382,807,-0.14924519955050605
"(17,)",tanh,100,800,1,-0.14990758113782382,807,-0.14924519955050605
"(19,)",tanh,100,200,1,-0.14929264921299887,716,-0.14874866695969013
"(19,)",tanh,100,400,1,-0.15094874562533653,934,-0.14877390855849787
"(19,)",tanh,100,800,1,-0.15094874562533653,934,-0.14877390855849787
"(21,)",tanh,100,200,1,-0.15076190756988983,924,-0.14906262770331566
"(21,)",tanh,100,400,1,-0.15065410592125908,909,-0.14893176870758845
"(21,)",tanh,100,800,1,-0.15065410592125908,909,-0.14893176870758845
"(1,)",tanh,200,200,1,-0.1590838463750258,1033,-0.15826511797223566
"(1,)",tanh,200,400,1,-0.15000331075123588,821,-0.14987213396021254
"(1,)",tanh,200,800,1,-0.14884163424890387,666,-0.14908775187036893
"(3,)",tanh,200,200,1,-0.18696043746450464,1065,-0.18512661664150643
"(3,)",tanh,200,400,1,-0.15051337286946248,890,-0.1499270352466747
"(3,)",tanh,200,800,1,-0.15002639785272903,828,-0.14937521263758466
"(5,)",tanh,200,200,1,-0.15171002266169262,995,-0.15093539094193464
"(5,)",tanh,200,400,1,-0.14979259135852863,795,-0.1497390784061043
"(5,)",tanh,200,800,1,-0.1503432688608644,869,-0.14950568874340903
"(7,)",tanh,200,200,1,-0.15080605238916164,925,-0.1497685074446336
"(7,)",tanh,200,400,1,-0.14981010442408133,799,-0.14908783581869545
"(7,)",tanh,200,800,1,-0.1495192351358275,747,-0.14853810227227596
"(9,)",tanh,200,200,1,-0.15147967385194633,990,-0.1499231069575923
"(9,)",tanh,200,400,1,-0.14749250105316444,573,-0.14798421590569125
"(9,)",tanh,200,800,1,-0.1488383508797217,663,-0.14861704860137745
"(11,)",tanh,200,200,1,-0.14866416332535656,650,-0.14895946930452428
"(11,)",tanh,200,400,1,-0.149092301508543,696,-0.1479584642961121
"(11,)",tanh,200,800,1,-0.14790180785674756,613,-0.147561333638552
"(13,)",tanh,200,200,1,-0.14961223817205105,768,-0.15016018328799152
"(13,)",tanh,200,400,1,-0.15033246028292835,867,-0.14882033603363212
"(13,)",tanh,200,800,1,-0.15033246028292835,867,-0.14882033603363212
"(15,)",tanh,200,200,1,-0.1501170445394082,837,-0.14916553021911613
"(15,)",tanh,200,400,1,-0.15003064604066996,831,-0.14927125775291827
"(15,)",tanh,200,800,1,-0.15003064604066996,831,-0.14927125775291827
"(17,)",tanh,200,200,1,-0.14907958902217366,693,-0.1496401297755466
"(17,)",tanh,200,400,1,-0.15091180050865988,930,-0.14853407264933113
"(17,)",tanh,200,800,1,-0.15050939576965341,889,-0.14856075915718203
"(19,)",tanh,200,200,1,-0.15096648488397066,952,-0.14961352284563484
"(19,)",tanh,200,400,1,-0.1500235156663418,826,-0.14832661802008332
"(19,)",tanh,200,800,1,-0.1510621158426558,968,-0.14882536245323907
"(21,)",tanh,200,200,1,-0.1496151207971955,771,-0.14914289582569476
"(21,)",tanh,200,400,1,-0.14788463823793618,611,-0.14769371198057607
"(21,)",tanh,200,800,1,-0.14788463823793618,611,-0.14769371198057607
"(1,)",relu,50,200,0.0001,-0.16249753747490542,1045,-0.15902028132957946
"(1,)",relu,50,400,0.0001,-0.1617978192097483,1043,-0.15857019743046036
"(1,)",relu,50,800,0.0001,-0.16023921846610278,1037,-0.15735532775594674
"(3,)",relu,50,200,0.0001,-0.14958746901667722,760,-0.1483286692582535
"(3,)",relu,50,400,0.0001,-0.1466484986629283,443,-0.14410119698951598
"(3,)",relu,50,800,0.0001,-0.1460695968168971,320,-0.14345145464397957
"(5,)",relu,50,200,0.0001,-0.14701933262820152,508,-0.146147049873281
"(5,)",relu,50,400,0.0001,-0.14518881142930912,196,-0.1429888969130691
"(5,)",relu,50,800,0.0001,-0.14423522404054806,51,-0.14210086287392737
"(7,)",relu,50,200,0.0001,-0.1474969458124913,575,-0.1468178103805187
"(7,)",relu,50,400,0.0001,-0.14500315406218525,161,-0.14393874478728258
"(7,)",relu,50,800,0.0001,-0.14544180201386908,244,-0.1438022197205457
"(9,)",relu,50,200,0.0001,-0.14529902822630142,220,-0.14474973801948327
"(9,)",relu,50,400,0.0001,-0.14622224903599518,358,-0.14393837678199445
"(9,)",relu,50,800,0.0001,-0.14611304683791673,331,-0.14417543347592182
"(11,)",relu,50,200,0.0001,-0.14551402118090268,252,-0.14534096646471267
"(11,)",relu,50,400,0.0001,-0.14470222333011076,116,-0.14429140641503685
"(11,)",relu,50,800,0.0001,-0.14490124459680725,148,-0.14404465460224514
"(13,)",relu,50,200,0.0001,-0.14723294875543885,544,-0.1443683430580573
"(13,)",relu,50,400,0.0001,-0.14676894068747953,468,-0.14212028512460012
"(13,)",relu,50,800,0.0001,-0.1447714188820819,130,-0.13944835444333623
"(15,)",relu,50,200,0.0001,-0.14607677562439822,324,-0.14270983736313958
"(15,)",relu,50,400,0.0001,-0.14531650000462049,221,-0.14102860251052504
"(15,)",relu,50,800,0.0001,-0.1459696096990187,302,-0.14116021659339464
"(17,)",relu,50,200,0.0001,-0.14467351117939548,111,-0.14293926564398954
"(17,)",relu,50,400,0.0001,-0.14297470679258528,4,-0.14029531326436978
"(17,)",relu,50,800,0.0001,-0.14396166084939502,29,-0.13968907649258236
"(19,)",relu,50,200,0.0001,-0.14438675046964716,66,-0.1429129867341971
"(19,)",relu,50,400,0.0001,-0.14412144213960199,38,-0.13941796134910264
"(19,)",relu,50,800,0.0001,-0.1474993303408944,576,-0.13793965249406753
"(21,)",relu,50,200,0.0001,-0.1456663161420412,265,-0.14237262634008604
"(21,)",relu,50,400,0.0001,-0.14545852455335662,245,-0.14142384780930836
"(21,)",relu,50,800,0.0001,-0.14250823093808807,2,-0.1401462804465944
"(1,)",relu,100,200,0.0001,-0.16382530223572017,1047,-0.16238076460444323
"(1,)",relu,100,400,0.0001,-0.16125759863230285,1041,-0.1582441116172288
"(1,)",relu,100,800,0.0001,-0.1617026487355829,1042,-0.15840851205279072
"(3,)",relu,100,200,0.0001,-0.15105063081321407,964,-0.15127726304420347
"(3,)",relu,100,400,0.0001,-0.1470856109964631,524,-0.1460376582090496
"(3,)",relu,100,800,0.0001,-0.1471431722134238,532,-0.14410021459286823
"(5,)",relu,100,200,0.0001,-0.1473708716084224,561,-0.14755950843359944
"(5,)",relu,100,400,0.0001,-0.14756069632905847,581,-0.14528626953672602
"(5,)",relu,100,800,0.0001,-0.14620708115581157,356,-0.14252003782110792
"(7,)",relu,100,200,0.0001,-0.15097181386111275,955,-0.14937817917801918
"(7,)",relu,100,400,0.0001,-0.1464430743561568,390,-0.14483244772698214
"(7,)",relu,100,800,0.0001,-0.14512684046213709,189,-0.14385808141413875
"(9,)",relu,100,200,0.0001,-0.1460881428157427,327,-0.14558477285228613
"(9,)",relu,100,400,0.0001,-0.1461189337036996,334,-0.14458627941211805
"(9,)",relu,100,800,0.0001,-0.14670116778172365,455,-0.14461659288875667
"(11,)",relu,100,200,0.0001,-0.14542725656097338,239,-0.14472216747751024
"(11,)",relu,100,400,0.0001,-0.14651113546673478,403,-0.14529000690503213
"(11,)",relu,100,800,0.0001,-0.1453411030169309,230,-0.14418417560156427
"(13,)",relu,100,200,0.0001,-0.1480183848505491,621,-0.14585063147485453
"(13,)",relu,100,400,0.0001,-0.14661642166218333,434,-0.14412584900384934
"(13,)",relu,100,800,0.0001,-0.1462291182402181,359,-0.14043180087240356
"(15,)",relu,100,200,0.0001,-0.1482247050910883,628,-0.14485466906193495
"(15,)",relu,100,400,0.0001,-0.1461480859572883,335,-0.14333525869918443
"(15,)",relu,100,800,0.0001,-0.14602228712678528,311,-0.14091566557270405
"(17,)",relu,100,200,0.0001,-0.1459643063497079,300,-0.1445034487817534
"(17,)",relu,100,400,0.0001,-0.14531856449704833,222,-0.1413965154191682
"(17,)",relu,100,800,0.0001,-0.14241662704413985,1,-0.1388615702227726
"(19,)",relu,100,200,0.0001,-0.14502191388762373,169,-0.1439715840688955
"(19,)",relu,100,400,0.0001,-0.14450571459928824,82,-0.14087293322900915
"(19,)",relu,100,800,0.0001,-0.1433253089025341,7,-0.1396169177442095
"(21,)",relu,100,200,0.0001,-0.1441719076728733,40,-0.14328375870727553
"(21,)",relu,100,400,0.0001,-0.14566106857975003,263,-0.14146389988086758
"(21,)",relu,100,800,0.0001,-0.14392879726765173,27,-0.13954020588427868
"(1,)",relu,200,200,0.0001,-0.1777214059384801,1058,-0.17772741744263806
"(1,)",relu,200,400,0.0001,-0.1646700139867161,1049,-0.16204464221594808
"(1,)",relu,200,800,0.0001,-0.16218678427680347,1044,-0.1592886534961103
"(3,)",relu,200,200,0.0001,-0.18396051826207388,1061,-0.18371303537120084
"(3,)",relu,200,400,0.0001,-0.15123020687912178,977,-0.14982156856228412
"(3,)",relu,200,800,0.0001,-0.1466570654687211,445,-0.14512595372351406
"(5,)",relu,200,200,0.0001,-0.15073487895266321,914,-0.1499505840872053
"(5,)",relu,200,400,0.0001,-0.14897524704034612,683,-0.14753092565469367
"(5,)",relu,200,800,0.0001,-0.14581944111540662,276,-0.14454724011423345
"(7,)",relu,200,200,0.0001,-0.1539229239343582,1019,-0.15301410101098525
"(7,)",relu,200,400,0.0001,-0.15055637895013113,902,-0.14924794411070244
"(7,)",relu,200,800,0.0001,-0.14607922909760993,325,-0.1442575752909143
"(9,)",relu,200,200,0.0001,-0.14957694799405089,756,-0.1477441581247701
"(9,)",relu,200,400,0.0001,-0.14716265001590467,538,-0.14534273418836513
"(9,)",relu,200,800,0.0001,-0.14444068517448985,76,-0.1446976385182464
"(11,)",relu,200,200,0.0001,-0.14662998593479615,438,-0.14668415433142928
"(11,)",relu,200,400,0.0001,-0.14454999730981274,89,-0.14501967757679773
"(11,)",relu,200,800,0.0001,-0.14607399674112073,323,-0.14536868763743954
"(13,)",relu,200,200,0.0001,-0.14750651174988536,577,-0.1471068097799665
"(13,)",relu,200,400,0.0001,-0.14722458210951578,543,-0.1460964207182087
"(13,)",relu,200,800,0.0001,-0.14663118020892724,440,-0.14382908747366907
"(15,)",relu,200,200,0.0001,-0.15021569396570375,847,-0.14771735854149168
"(15,)",relu,200,400,0.0001,-0.14758843527743118,587,-0.14444478534224076
"(15,)",relu,200,800,0.0001,-0.14533186658029731,226,-0.14300972673993556
"(17,)",relu,200,200,0.0001,-0.1475954289696882,589,-0.14636519208255672
"(17,)",relu,200,400,0.0001,-0.14672574129359886,463,-0.1443876676535512
"(17,)",relu,200,800,0.0001,-0.1429187653127923,3,-0.14029551574173
"(19,)",relu,200,200,0.0001,-0.1463123966131155,371,-0.14628164984304026
"(19,)",relu,200,400,0.0001,-0.1455233195266782,255,-0.14367275970693086
"(19,)",relu,200,800,0.0001,-0.14435711135581175,63,-0.13946505314123783
"(21,)",relu,200,200,0.0001,-0.14674222545390025,464,-0.14599035579973124
"(21,)",relu,200,400,0.0001,-0.1442578988488533,53,-0.14322941361657343
"(21,)",relu,200,800,0.0001,-0.14594981887326158,296,-0.1417951497205026
"(1,)",relu,50,200,0.01,-0.2081159988975152,1110,-0.20812235208854135
"(1,)",relu,50,400,0.01,-0.2081159988975152,1110,-0.20812235208854135
"(1,)",relu,50,800,0.01,-0.2081159988975152,1110,-0.20812235208854135
"(3,)",relu,50,200,0.01,-0.14989273623244173,804,-0.1483814555309312
"(3,)",relu,50,400,0.01,-0.146118780413171,333,-0.1440459126981714
"(3,)",relu,50,800,0.01,-0.14692735397816425,496,-0.1434755140682403
"(5,)",relu,50,200,0.01,-0.14662231644228552,436,-0.14598381284393763
"(5,)",relu,50,400,0.01,-0.14601107069574432,309,-0.14515341378773008
"(5,)",relu,50,800,0.01,-0.1458472290786311,280,-0.14496510872709747
"(7,)",relu,50,200,0.01,-0.14902271131793438,684,-0.14643973189599618
"(7,)",relu,50,400,0.01,-0.1455848511849947,260,-0.14415607320703874
"(7,)",relu,50,800,0.01,-0.14568505572332208,269,-0.14374733333934
"(9,)",relu,50,200,0.01,-0.14591261767766245,292,-0.14475328259714543
"(9,)",relu,50,400,0.01,-0.1453522565975002,231,-0.1449143544362589
"(9,)",relu,50,800,0.01,-0.14601608964216645,310,-0.14501957553414455
"(11,)",relu,50,200,0.01,-0.14551402118090268,252,-0.14525942733018413
"(11,)",relu,50,400,0.01,-0.14458831741739697,98,-0.14432146925638117
"(11,)",relu,50,800,0.01,-0.14446929835527086,81,-0.14456510990375307
"(13,)",relu,50,200,0.01,-0.1465854189573431,421,-0.14453506401595637
"(13,)",relu,50,400,0.01,-0.1466447352895285,442,-0.14236727840037483
"(13,)",relu,50,800,0.01,-0.1462210258579039,357,-0.14132004162574868
"(15,)",relu,50,200,0.01,-0.1461935992521635,351,-0.1436674425856543
"(15,)",relu,50,400,0.01,-0.14489114874410075,146,-0.1423266047842915
"(15,)",relu,50,800,0.01,-0.14474756932454763,125,-0.14213513512477816
"(17,)",relu,50,200,0.01,-0.14526219175693772,209,-0.1429123991237133
"(17,)",relu,50,400,0.01,-0.1444478747198003,80,-0.14081799276805523
"(17,)",relu,50,800,0.01,-0.14326961971315358,5,-0.14023568473238773
"(19,)",relu,50,200,0.01,-0.14611666196197637,332,-0.14327369129897352
"(19,)",relu,50,400,0.01,-0.14366763106132857,12,-0.13959853832010355
"(19,)",relu,50,800,0.01,-0.14331797684681535,6,-0.13831803575452764
"(21,)",relu,50,200,0.01,-0.14598221737608397,306,-0.1419374272160617
"(21,)",relu,50,400,0.01,-0.14502837279231753,171,-0.14123553682051676
"(21,)",relu,50,800,0.01,-0.1443940036069355,67,-0.1404857472262976
"(1,)",relu,100,200,0.01,-0.2081159988975152,1110,-0.20812235208854135
"(1,)",relu,100,400,0.01,-0.2081159988975152,1110,-0.20812235208854135
"(1,)",relu,100,800,0.01,-0.2081159988975152,1110,-0.20812235208854135
"(3,)",relu,100,200,0.01,-0.1513494413535183,982,-0.15125128744951877
"(3,)",relu,100,400,0.01,-0.14687068409604837,493,-0.14574394169243185
"(3,)",relu,100,800,0.01,-0.14650293798178055,398,-0.1442365059523555
"(5,)",relu,100,200,0.01,-0.14671279302244436,459,-0.14576544115966772
"(5,)",relu,100,400,0.01,-0.14711847510919612,526,-0.1453662506120696
"(5,)",relu,100,800,0.01,-0.14604431806639503,315,-0.14523278128897793
"(7,)",relu,100,200,0.01,-0.1574983225056587,1031,-0.1534981525557706
"(7,)",relu,100,400,0.01,-0.1468205043782036,482,-0.14533791314217454
"(7,)",relu,100,800,0.01,-0.14678729882465433,471,-0.14388228628664154
"(9,)",relu,100,200,0.01,-0.14693044288766582,498,-0.14588177745273748
"(9,)",relu,100,400,0.01,-0.145690320209388,270,-0.1447504866633778
"(9,)",relu,100,800,0.01,-0.14534008703703202,229,-0.14478102062810067
"(11,)",relu,100,200,0.01,-0.1455293486885882,258,-0.14477553555672137
"(11,)",relu,100,400,0.01,-0.146410984328676,385,-0.14534408890597544
"(11,)",relu,100,800,0.01,-0.14536619713591317,232,-0.14407754093115083
"(13,)",relu,100,200,0.01,-0.14748215884692475,571,-0.14622734717505498
"(13,)",relu,100,400,0.01,-0.14651888683146339,405,-0.1441546170906793
"(13,)",relu,100,800,0.01,-0.1468078726233933,475,-0.14166453103961338
"(15,)",relu,100,200,0.01,-0.14772253196683877,598,-0.14520838135299546
"(15,)",relu,100,400,0.01,-0.14619042551041228,350,-0.1432786385559101
"(15,)",relu,100,800,0.01,-0.14466141860036544,108,-0.14270640691551378
"(17,)",relu,100,200,0.01,-0.14630137668243176,369,-0.14463241477222466
"(17,)",relu,100,400,0.01,-0.14533844744759772,227,-0.14278127119407197
"(17,)",relu,100,800,0.01,-0.1452331065560688,204,-0.14041447748082647
"(19,)",relu,100,200,0.01,-0.1447692274813632,129,-0.1446390401717908
"(19,)",relu,100,400,0.01,-0.14410710934786958,37,-0.1416108822518297
"(19,)",relu,100,800,0.01,-0.14375260309301574,14,-0.13997672189961746
"(21,)",relu,100,200,0.01,-0.14361246240860423,9,-0.14328200876259842
"(21,)",relu,100,400,0.01,-0.1452568346998981,208,-0.14190243229583321
"(21,)",relu,100,800,0.01,-0.14567361042840504,267,-0.14067561099930653
"(1,)",relu,200,200,0.01,-0.1777214059384801,1058,-0.17772741744263806
"(1,)",relu,200,400,0.01,-0.2081159988975152,1110,-0.20812235208854135
"(1,)",relu,200,800,0.01,-0.2081159988975152,1110,-0.20812235208854135
"(3,)",relu,200,200,0.01,-0.18396051826207388,1061,-0.1835211222256053
"(3,)",relu,200,400,0.01,-0.15154927962991765,992,-0.14989938248867973
"(3,)",relu,200,800,0.01,-0.14676366600309884,467,-0.14504366626627468
"(5,)",relu,200,200,0.01,-0.1510466062195536,962,-0.14969054647841518
"(5,)",relu,200,400,0.01,-0.14714329106199198,533,-0.145664728160669
"(5,)",relu,200,800,0.01,-0.14697572285598354,503,-0.14555620843000677
"(7,)",relu,200,200,0.01,-0.16643288408385892,1053,-0.16493870953007655
"(7,)",relu,200,400,0.01,-0.14840432461493377,639,-0.14813608049868007
"(7,)",relu,200,800,0.01,-0.14528795031332029,214,-0.14521135321440648
"(9,)",relu,200,200,0.01,-0.14955108814608634,750,-0.14676187655921422
"(9,)",relu,200,400,0.01,-0.1468166562061165,479,-0.146038937117857
"(9,)",relu,200,800,0.01,-0.14551057066261203,251,-0.14515793371526292
"(11,)",relu,200,200,0.01,-0.14651928386129587,406,-0.14673757832938472
"(11,)",relu,200,400,0.01,-0.14454999730981274,89,-0.14518031747338675
"(11,)",relu,200,800,0.01,-0.1458596220608773,283,-0.14545032950479544
"(13,)",relu,200,200,0.01,-0.14750651174988536,577,-0.14684367560112185
"(13,)",relu,200,400,0.01,-0.1466972024702511,453,-0.1462295464087406
"(13,)",relu,200,800,0.01,-0.1465882269827512,423,-0.14448042110145656
"(15,)",relu,200,200,0.01,-0.14940200633703699,731,-0.1475328505331634
"(15,)",relu,200,400,0.01,-0.1465482049010644,415,-0.1442300030000187
"(15,)",relu,200,800,0.01,-0.14629251140319624,366,-0.14298604733409664
"(17,)",relu,200,200,0.01,-0.14757968176832797,585,-0.1466051982592454
"(17,)",relu,200,400,0.01,-0.1466970773756124,452,-0.14439090931587248
"(17,)",relu,200,800,0.01,-0.14545973100385798,246,-0.14093163326114805
"(19,)",relu,200,200,0.01,-0.1470644400431377,521,-0.14662831036389118
"(19,)",relu,200,400,0.01,-0.1463473924142787,374,-0.14368955102239672
"(19,)",relu,200,800,0.01,-0.14392020922153112,26,-0.14226805532974274
"(21,)",relu,200,200,0.01,-0.1466389512554313,441,-0.14612393271438487
"(21,)",relu,200,400,0.01,-0.14370308410929974,13,-0.14317179646146647
"(21,)",relu,200,800,0.01,-0.1442411548016188,52,-0.14186659373284405
"(1,)",relu,50,200,1,-0.2081159988975152,1110,-0.20812235208854135
"(1,)",relu,50,400,1,-0.2081159988975152,1110,-0.20812235208854135
"(1,)",relu,50,800,1,-0.2081159988975152,1110,-0.20812235208854135
"(3,)",relu,50,200,1,-0.15081691506517364,926,-0.14955797409682292
"(3,)",relu,50,400,1,-0.14960002919666424,765,-0.14921989564469587
"(3,)",relu,50,800,1,-0.14960002919666424,765,-0.14921989564469587
"(5,)",relu,50,200,1,-0.14971432808489235,792,-0.14934885181957203
"(5,)",relu,50,400,1,-0.14905959284364165,690,-0.1492987214248502
"(5,)",relu,50,800,1,-0.14905959284364165,690,-0.1492987214248502
"(7,)",relu,50,200,1,-0.16697834124749533,1054,-0.16520643156618062
"(7,)",relu,50,400,1,-0.1501013276855882,836,-0.1499346067319796
"(7,)",relu,50,800,1,-0.14894224445711676,679,-0.14952903298451506
"(9,)",relu,50,200,1,-0.14915829902410088,701,-0.14958724561583298
"(9,)",relu,50,400,1,-0.15043682115093232,880,-0.14958431616685125
"(9,)",relu,50,800,1,-0.15043682115093232,880,-0.14958431616685125
"(11,)",relu,50,200,1,-0.14905071807027712,688,-0.14934894317062478
"(11,)",relu,50,400,1,-0.14872030952660048,653,-0.1494246488028016
"(11,)",relu,50,800,1,-0.1483112524418861,634,-0.1495037761815652
"(13,)",relu,50,200,1,-0.14935806277039393,721,-0.1496600069201078
"(13,)",relu,50,400,1,-0.14904413699093833,685,-0.14958291915142236
"(13,)",relu,50,800,1,-0.14904413699093833,685,-0.14958291915142236
"(15,)",relu,50,200,1,-0.14991439285318994,810,-0.14921853501228863
"(15,)",relu,50,400,1,-0.14926360271137923,709,-0.14987012620751056
"(15,)",relu,50,800,1,-0.14926360271137923,709,-0.14987012620751056
"(17,)",relu,50,200,1,-0.1491598711951739,702,-0.14981922427937372
"(17,)",relu,50,400,1,-0.14884146957961764,664,-0.1495824553782875
"(17,)",relu,50,800,1,-0.14884146957961764,664,-0.1495824553782875
"(19,)",relu,50,200,1,-0.14884932834260017,671,-0.1495588827663597
"(19,)",relu,50,400,1,-0.14934767264109916,719,-0.1494275331195823
"(19,)",relu,50,800,1,-0.14934767264109916,719,-0.1494275331195823
"(21,)",relu,50,200,1,-0.1494711023306669,735,-0.14995060090915424
"(21,)",relu,50,400,1,-0.15055068630652038,897,-0.1498442602967947
"(21,)",relu,50,800,1,-0.15055068630652038,897,-0.1498442602967947
"(1,)",relu,100,200,1,-0.2081159988975152,1110,-0.20812235208854135
"(1,)",relu,100,400,1,-0.2081159988975152,1110,-0.20812235208854135
"(1,)",relu,100,800,1,-0.2081159988975152,1110,-0.20812235208854135
"(3,)",relu,100,200,1,-0.15399172837961203,1020,-0.15363122708916463
"(3,)",relu,100,400,1,-0.1504480723915522,885,-0.14958646766987066
"(3,)",relu,100,800,1,-0.15096042947765861,947,-0.14853445390787928
"(5,)",relu,100,200,1,-0.14957323154852314,754,-0.14940355746979844
"(5,)",relu,100,400,1,-0.1500088339514328,822,-0.14824764481682823
"(5,)",relu,100,800,1,-0.1500088339514328,822,-0.14824764481682823
"(7,)",relu,100,200,1,-0.16060561843208424,1040,-0.16002203180237223
"(7,)",relu,100,400,1,-0.1504386967099157,882,-0.1483551503601109
"(7,)",relu,100,800,1,-0.1497079582340654,787,-0.1487754343048316
"(9,)",relu,100,200,1,-0.1490960206836706,699,-0.1484821729703419
"(9,)",relu,100,400,1,-0.15014217583166942,842,-0.14848556580932587
"(9,)",relu,100,800,1,-0.15014217583166942,842,-0.14848556580932587
"(11,)",relu,100,200,1,-0.14928459014886147,714,-0.14814060257763684
"(11,)",relu,100,400,1,-0.14971688706983105,793,-0.14885214841572691
"(11,)",relu,100,800,1,-0.14961361287136213,770,-0.1488792065680736
"(13,)",relu,100,200,1,-0.15097235843687193,956,-0.14971315689594963
"(13,)",relu,100,400,1,-0.15113205585295905,973,-0.14963933867518558
"(13,)",relu,100,800,1,-0.15113205585295905,973,-0.14963933867518558
"(15,)",relu,100,200,1,-0.14981909835118906,802,-0.14903488302685416
"(15,)",relu,100,400,1,-0.14969531717949097,782,-0.14929674911087326
"(15,)",relu,100,800,1,-0.14969531717949097,782,-0.14929674911087326
"(17,)",relu,100,200,1,-0.15003392196103815,834,-0.14916424712060966
"(17,)",relu,100,400,1,-0.14970844173947628,788,-0.14869498396228878
"(17,)",relu,100,800,1,-0.14970844173947628,788,-0.14869498396228878
"(19,)",relu,100,200,1,-0.14895668966578743,682,-0.14837779828467312
"(19,)",relu,100,400,1,-0.1499174888017522,811,-0.1484852276037833
"(19,)",relu,100,800,1,-0.1497129636684597,790,-0.14837910834153054
"(21,)",relu,100,200,1,-0.1502240056213524,851,-0.14966537702971303
"(21,)",relu,100,400,1,-0.15063874821804246,906,-0.14927204264715432
"(21,)",relu,100,800,1,-0.15063874821804246,906,-0.14927204264715432
"(1,)",relu,200,200,1,-0.1777214059384801,1058,-0.17772741744263806
"(1,)",relu,200,400,1,-0.2081159988975152,1110,-0.20812235208854135
"(1,)",relu,200,800,1,-0.2081159988975152,1110,-0.20812235208854135
"(3,)",relu,200,200,1,-0.20300761128244713,1093,-0.2011821602543836
"(3,)",relu,200,400,1,-0.15326977732814123,1008,-0.15198991209193408
"(3,)",relu,200,800,1,-0.14991276736736403,809,-0.1485889062341351
"(5,)",relu,200,200,1,-0.15338457964779856,1010,-0.15294111568711188
"(5,)",relu,200,400,1,-0.14978803859027337,794,-0.14958561600224665
"(5,)",relu,200,800,1,-0.15033183945365522,866,-0.1487213666378025
"(7,)",relu,200,200,1,-0.16524033960556161,1050,-0.1644906513719244
"(7,)",relu,200,400,1,-0.15456507180118173,1022,-0.15500595974487857
"(7,)",relu,200,800,1,-0.15075337369125194,920,-0.14793040885996755
"(9,)",relu,200,200,1,-0.15105071398488235,965,-0.15002632396013038
"(9,)",relu,200,400,1,-0.14887530298604554,676,-0.1473202966495807
"(9,)",relu,200,800,1,-0.15034374922549412,870,-0.14803213881961047
"(11,)",relu,200,200,1,-0.1499014686125216,806,-0.14866584320073062
"(11,)",relu,200,400,1,-0.14940773558575163,733,-0.14793184521194475
"(11,)",relu,200,800,1,-0.15001231607446516,824,-0.14814305831962324
"(13,)",relu,200,200,1,-0.14951170259190513,746,-0.1505242049502203
"(13,)",relu,200,400,1,-0.15095538858759946,940,-0.14950441609621717
"(13,)",relu,200,800,1,-0.15095538858759946,940,-0.14950441609621717
"(15,)",relu,200,200,1,-0.15021735183730894,849,-0.14924646978476433
"(15,)",relu,200,400,1,-0.15124531758173893,978,-0.148981379141708
"(15,)",relu,200,800,1,-0.15124531758173893,978,-0.148981379141708
"(17,)",relu,200,200,1,-0.14925763891704202,708,-0.14950328495843698
"(17,)",relu,200,400,1,-0.15083562493164734,927,-0.14845200092491734
"(17,)",relu,200,800,1,-0.15043059841382986,879,-0.1485321335956975
"(19,)",relu,200,200,1,-0.15052700361348662,893,-0.1494293484039407
"(19,)",relu,200,400,1,-0.14962733359825026,775,-0.14845711396655764
"(19,)",relu,200,800,1,-0.15002578004759337,827,-0.14864483739564277
"(21,)",relu,200,200,1,-0.15076181913283754,923,-0.15013582586742316
"(21,)",relu,200,400,1,-0.1505526401010623,899,-0.14921716883188424
"(21,)",relu,200,800,1,-0.14960468174111954,767,-0.14887704457230397
